epoch,stats_g/mean,stats_g/std,stats_o/mean,stats_o/std,test/episode,test/mean_Q,test/success_rate,train/episode,train/success_rate
0,0.8580999,0.10559664,0.20565113,0.06707863,10.0,-3.8191037,0.0,20.0,0.05
1,0.8562407,0.10534316,0.20684256,0.07554578,20.0,-5.3060083,0.3,40.0,0.05
2,0.8573093,0.10724894,0.20693189,0.07958945,30.0,-7.3273215,0.2,60.0,0.0
3,0.8566353,0.10834414,0.20661116,0.07930183,40.0,-8.493755,0.4,80.0,0.0
4,0.8551398,0.10910078,0.20728812,0.082537085,50.0,-10.512319,0.2,100.0,0.0
5,0.8550949,0.10955056,0.2068843,0.0835577,60.0,-12.366143,0.3,120.0,0.0
6,0.8537676,0.11016508,0.2072356,0.089641236,70.0,-11.541655,0.4,140.0,0.05
7,0.8530512,0.11366686,0.20682174,0.09232726,80.0,-11.681022,0.3,160.0,0.15
8,0.85201997,0.11390484,0.20775878,0.09391152,90.0,-10.218263,0.1,180.0,0.0
9,0.8523825,0.11285386,0.2080858,0.09406587,100.0,-8.694288,0.6,200.0,0.05
10,0.8526485,0.1116915,0.20785591,0.09573297,110.0,-10.078709,0.4,220.0,0.1
11,0.8525536,0.1122485,0.2076386,0.09636197,120.0,-14.237318,0.2,240.0,0.05
12,0.849859,0.115611345,0.20739561,0.09988099,130.0,-11.577051,0.4,260.0,0.05
13,0.8490515,0.115388386,0.20727962,0.10014101,140.0,-8.497459,0.7,280.0,0.0
14,0.8490489,0.115552746,0.2073906,0.103740245,150.0,-11.165595,0.3,300.0,0.1
15,0.84833354,0.120835654,0.20764714,0.10779851,160.0,-11.639323,0.4,320.0,0.0
16,0.8486474,0.12018091,0.20760722,0.11027604,170.0,-10.269528,0.3,340.0,0.05
17,0.8483076,0.120218016,0.20754364,0.11108946,180.0,-7.3800306,0.5,360.0,0.05
18,0.8479834,0.120944075,0.20686182,0.11302522,190.0,-12.442981,0.4,380.0,0.0
19,0.8475583,0.12301596,0.2069936,0.11484207,200.0,-10.387051,0.5,400.0,0.05
20,0.8472523,0.12331302,0.20684554,0.11606925,210.0,-9.26771,0.3,420.0,0.0
21,0.8470194,0.12264586,0.2066046,0.11742058,220.0,-10.624573,0.4,440.0,0.05
22,0.8459826,0.122994445,0.2062573,0.11799241,230.0,-7.2921615,0.8,460.0,0.05
23,0.84575254,0.12298118,0.20593296,0.118144535,240.0,-12.585179,0.0,480.0,0.15
24,0.8452988,0.122543015,0.20565,0.11931955,250.0,-7.9797416,0.3,500.0,0.05
25,0.84563756,0.12438983,0.20545508,0.12124256,260.0,-11.144536,0.4,520.0,0.05
26,0.846226,0.12432396,0.20535158,0.1217753,270.0,-13.512733,0.4,540.0,0.05
27,0.845462,0.12495315,0.20482866,0.12210016,280.0,-11.83789,0.4,560.0,0.05
28,0.8455748,0.12545294,0.20499454,0.12420849,290.0,-11.125571,0.5,580.0,0.05
29,0.8452222,0.12606473,0.20496836,0.12391288,300.0,-12.085508,0.4,600.0,0.1
30,0.84525174,0.12663054,0.20503025,0.12416081,310.0,-13.015108,0.6,620.0,0.05
31,0.84462446,0.1274754,0.20515376,0.12521678,320.0,-13.773,0.3,640.0,0.05
32,0.84518594,0.1270573,0.20554917,0.12556802,330.0,-8.976855,0.7,660.0,0.15
33,0.8452125,0.12705132,0.20511298,0.12534194,340.0,-15.559108,0.3,680.0,0.15
34,0.84466594,0.1275692,0.20544972,0.12582594,350.0,-10.340627,0.8,700.0,0.05
35,0.8447415,0.12748773,0.20519868,0.12711653,360.0,-8.334635,0.7,720.0,0.1
36,0.8446396,0.12737755,0.20544797,0.12780479,370.0,-13.389201,0.5,740.0,0.1
37,0.8443642,0.12783872,0.2051999,0.12826121,380.0,-13.16275,0.5,760.0,0.15
38,0.84418637,0.12849446,0.20537607,0.1286831,390.0,-14.318306,0.5,780.0,0.15
39,0.84400743,0.1286018,0.20514072,0.12965876,400.0,-10.704039,0.7,800.0,0.05
40,0.84392637,0.12826924,0.20498532,0.12969634,410.0,-9.301798,0.4,820.0,0.15
41,0.844047,0.12768172,0.20496632,0.12997761,420.0,-8.629008,0.6,840.0,0.1
42,0.8441961,0.12730515,0.20479797,0.12993279,430.0,-11.901799,0.3,860.0,0.2
43,0.8439236,0.12698296,0.20447987,0.13002956,440.0,-12.894058,0.5,880.0,0.1
44,0.8438125,0.126597,0.20450427,0.1297689,450.0,-8.4978695,0.3,900.0,0.15
45,0.84384495,0.126692,0.20452996,0.129745,460.0,-7.907977,0.6,920.0,0.1
46,0.84396785,0.12804605,0.20459263,0.13061267,470.0,-13.873622,0.4,940.0,0.05
47,0.8434742,0.12909575,0.2045254,0.1310665,480.0,-10.029482,0.5,960.0,0.2
48,0.84365433,0.13104185,0.20446765,0.13163133,490.0,-11.887985,0.4,980.0,0.15
49,0.84378654,0.13067357,0.20443746,0.13177802,500.0,-10.253972,0.3,1000.0,0.25
50,0.8440514,0.13103633,0.20471482,0.13227801,510.0,-11.582204,0.7,1020.0,0.1
51,0.84398574,0.13072546,0.20454058,0.1323113,520.0,-11.6901455,0.4,1040.0,0.05
52,0.8438435,0.13112898,0.20436278,0.13254417,530.0,-15.983942,0.2,1060.0,0.15
53,0.84371895,0.13222505,0.20413369,0.13316934,540.0,-11.799747,0.4,1080.0,0.15
54,0.8438464,0.1329497,0.2041757,0.13337334,550.0,-13.283686,0.2,1100.0,0.25
55,0.84366065,0.13275348,0.20424204,0.13337564,560.0,-15.438021,0.1,1120.0,0.25
56,0.843643,0.1334557,0.20421268,0.13392672,570.0,-11.949412,0.3,1140.0,0.2
57,0.8438399,0.13316824,0.20426196,0.13421693,580.0,-16.978634,0.1,1160.0,0.15
58,0.84402347,0.13364623,0.204216,0.1343848,590.0,-9.262587,0.5,1180.0,0.1
59,0.8444229,0.13418284,0.20433734,0.13449399,600.0,-10.390742,0.5,1200.0,0.15
60,0.8442312,0.13359484,0.20425265,0.13474736,610.0,-13.545416,0.3,1220.0,0.3
61,0.8443408,0.13343766,0.2043607,0.13468969,620.0,-12.345821,0.2,1240.0,0.15
62,0.844492,0.13319658,0.20446329,0.13440809,630.0,-7.3382964,0.7,1260.0,0.3
63,0.84454274,0.13292408,0.20437513,0.13456663,640.0,-8.831263,0.5,1280.0,0.25
64,0.84434193,0.1332648,0.2043624,0.13533723,650.0,-11.6740675,0.0,1300.0,0.2
65,0.8442803,0.13346653,0.20429175,0.13559316,660.0,-9.236812,0.4,1320.0,0.15
66,0.8440132,0.13343892,0.20413125,0.13588096,670.0,-11.315842,0.6,1340.0,0.15
67,0.8437627,0.13353883,0.20404463,0.13617167,680.0,-11.006386,0.5,1360.0,0.3
68,0.84393716,0.13349609,0.20401928,0.13607498,690.0,-9.086239,0.4,1380.0,0.25
69,0.84381866,0.13295013,0.20401962,0.13594411,700.0,-8.417956,0.5,1400.0,0.45
70,0.84376574,0.13307263,0.20384993,0.13622004,710.0,-10.919397,0.2,1420.0,0.3
71,0.8438317,0.13293599,0.20354074,0.13659203,720.0,-6.482011,0.5,1440.0,0.25
72,0.8436289,0.13301036,0.20338024,0.13689691,730.0,-8.140424,0.6,1460.0,0.25
73,0.8436969,0.13293967,0.20344418,0.13673072,740.0,-6.2507467,0.7,1480.0,0.2
74,0.84386015,0.13269483,0.20325291,0.1366283,750.0,-7.1667395,0.5,1500.0,0.2
75,0.8438303,0.13279833,0.20320891,0.13696383,760.0,-8.808389,0.5,1520.0,0.3
76,0.84408194,0.1328579,0.203163,0.13701935,770.0,-4.8964834,0.7,1540.0,0.2
77,0.8440664,0.13275452,0.20326397,0.13722765,780.0,-10.817511,0.7,1560.0,0.1
78,0.8439974,0.1327285,0.203109,0.13735205,790.0,-12.051123,0.4,1580.0,0.2
79,0.8438969,0.13300796,0.20305574,0.13781376,800.0,-9.630953,0.6,1600.0,0.15
80,0.8439103,0.133119,0.20302492,0.13755763,810.0,-6.545429,0.7,1620.0,0.35
81,0.84345126,0.13313194,0.2029574,0.13765417,820.0,-11.623014,0.4,1640.0,0.2
82,0.8435585,0.1329463,0.2031397,0.13775581,830.0,-6.277051,0.7,1660.0,0.25
83,0.843308,0.13310666,0.20308536,0.13792424,840.0,-10.385504,0.4,1680.0,0.15
84,0.84338665,0.13320337,0.20318577,0.13819349,850.0,-10.027129,0.5,1700.0,0.4
85,0.84350127,0.13314597,0.203201,0.13801199,860.0,-5.2569,0.8,1720.0,0.3
86,0.8435695,0.13277222,0.20319447,0.13786404,870.0,-11.945475,0.5,1740.0,0.4
87,0.8436527,0.13256781,0.20322624,0.13787326,880.0,-6.207221,0.8,1760.0,0.3
88,0.8437827,0.13236651,0.2033844,0.13775577,890.0,-9.937685,0.6,1780.0,0.25
89,0.8437703,0.1319613,0.20329897,0.13754867,900.0,-12.251489,0.4,1800.0,0.55
90,0.8437221,0.1318305,0.20330992,0.13762654,910.0,-7.830289,0.7,1820.0,0.4
91,0.8438017,0.13250063,0.20354491,0.13791624,920.0,-9.008075,0.6,1840.0,0.15
92,0.84387475,0.13229053,0.20340833,0.13773453,930.0,-9.434027,0.6,1860.0,0.35
93,0.84393215,0.13196881,0.2034388,0.13746956,940.0,-8.043341,0.7,1880.0,0.4
94,0.84415954,0.13190378,0.20351215,0.13735761,950.0,-10.693575,0.5,1900.0,0.25
95,0.8441523,0.13177644,0.2034169,0.13728046,960.0,-5.260296,0.6,1920.0,0.3
96,0.8441725,0.13140902,0.2034303,0.13710354,970.0,-8.017632,0.3,1940.0,0.55
97,0.84436935,0.13103169,0.20351778,0.13706686,980.0,-10.042676,0.5,1960.0,0.4
98,0.84444803,0.13070484,0.20361239,0.13711584,990.0,-6.862498,0.8,1980.0,0.4
99,0.8446348,0.1305658,0.2036304,0.13709421,1000.0,-6.1856465,0.7,2000.0,0.4
100,0.8444708,0.13071598,0.20367554,0.1372752,1010.0,-3.3483868,0.8,2020.0,0.5
101,0.84453636,0.13062418,0.2037592,0.13727257,1020.0,-10.129329,0.6,2040.0,0.35
102,0.84445137,0.13065755,0.20377497,0.13715316,1030.0,-9.787733,0.6,2060.0,0.4
103,0.84449786,0.13046838,0.20372358,0.13723893,1040.0,-6.392433,0.7,2080.0,0.55
104,0.8446691,0.13036928,0.20376527,0.1372768,1050.0,-5.83697,0.4,2100.0,0.35
105,0.84468573,0.13015068,0.20356901,0.13729516,1060.0,-6.7309394,0.7,2120.0,0.35
106,0.844696,0.12994109,0.20353049,0.13732944,1070.0,-12.516159,0.5,2140.0,0.4
107,0.84482163,0.12977739,0.20350863,0.13721833,1080.0,-7.3713675,0.7,2160.0,0.25
108,0.8449666,0.12953891,0.20353821,0.13706355,1090.0,-6.747145,0.5,2180.0,0.4
109,0.845082,0.12924062,0.20359297,0.1368391,1100.0,-9.108278,0.3,2200.0,0.55
110,0.8451906,0.12941,0.20353195,0.13694993,1110.0,-4.200061,0.8,2220.0,0.25
111,0.84522885,0.12931205,0.2035485,0.13678814,1120.0,-5.9485006,0.6,2240.0,0.4
112,0.84530884,0.12934513,0.20356382,0.13664728,1130.0,-5.410835,0.6,2260.0,0.25
113,0.8455756,0.1295059,0.203549,0.1365014,1140.0,-3.8675952,0.9,2280.0,0.3
114,0.84562844,0.12938188,0.20359091,0.13650303,1150.0,-5.947001,0.7,2300.0,0.3
115,0.8456628,0.12929839,0.20353256,0.13637573,1160.0,-2.8534915,0.7,2320.0,0.4
116,0.84569645,0.12918542,0.20357856,0.13620895,1170.0,-3.9679554,0.8,2340.0,0.4
117,0.8457966,0.12891574,0.2035565,0.1361544,1180.0,-7.1372976,0.6,2360.0,0.35
118,0.84566,0.12874898,0.2034487,0.1361171,1190.0,-8.778101,0.5,2380.0,0.35
119,0.84567946,0.1285947,0.2033636,0.13606973,1200.0,-4.0918536,0.6,2400.0,0.35
120,0.84561557,0.12827651,0.20328604,0.13583334,1210.0,-2.8079433,0.9,2420.0,0.7
121,0.8456896,0.12812011,0.20326675,0.13568129,1220.0,-2.0574296,0.9,2440.0,0.55
122,0.84578115,0.12791528,0.20332876,0.1354447,1230.0,-4.1276536,0.9,2460.0,0.35
123,0.8457446,0.12788832,0.20332241,0.13540874,1240.0,-2.0677283,1.0,2480.0,0.35
124,0.84586126,0.1278285,0.20335281,0.13541308,1250.0,-5.005788,0.9,2500.0,0.4
125,0.8457921,0.12762918,0.20331573,0.13541125,1260.0,-7.5541525,0.7,2520.0,0.3
126,0.8458708,0.12748931,0.20330994,0.13524595,1270.0,-6.147606,0.8,2540.0,0.35
127,0.8459905,0.12739383,0.2031896,0.13519262,1280.0,-2.3041635,1.0,2560.0,0.4
128,0.8459067,0.1273812,0.20322348,0.1352937,1290.0,-4.7912636,0.9,2580.0,0.3
129,0.8459917,0.1270829,0.20320635,0.1352261,1300.0,-3.128302,0.9,2600.0,0.7
130,0.84584945,0.12712611,0.20315598,0.13543873,1310.0,-3.6346977,0.6,2620.0,0.65
131,0.8458433,0.12702717,0.20312934,0.13535734,1320.0,-3.1685832,0.8,2640.0,0.3
132,0.84585625,0.12675932,0.20313376,0.13524811,1330.0,-3.6762538,0.8,2660.0,0.45
133,0.8459677,0.12677519,0.2031314,0.13528657,1340.0,-5.7653837,0.9,2680.0,0.35
134,0.8459378,0.12653744,0.20306408,0.1351791,1350.0,-6.238446,0.7,2700.0,0.55
135,0.84580654,0.12635471,0.20305607,0.13501227,1360.0,-5.9784245,0.6,2720.0,0.55
136,0.84588575,0.12621927,0.20296751,0.13481839,1370.0,-2.6005263,0.8,2740.0,0.7
137,0.8457753,0.12614858,0.20290765,0.13483126,1380.0,-3.9153965,0.8,2760.0,0.3
138,0.845825,0.12590422,0.2029138,0.13478869,1390.0,-3.0390913,0.9,2780.0,0.6
139,0.84590834,0.12603009,0.20292906,0.13467664,1400.0,-1.7731683,0.9,2800.0,0.35
140,0.8459006,0.12582918,0.20291784,0.13456081,1410.0,-4.025444,0.7,2820.0,0.5
141,0.84585446,0.12560874,0.20278537,0.13445196,1420.0,-5.9372034,0.7,2840.0,0.45
142,0.84581965,0.12578386,0.20283332,0.13459143,1430.0,-5.227297,0.8,2860.0,0.35
143,0.8458543,0.12563866,0.20283829,0.13439962,1440.0,-4.226757,0.8,2880.0,0.55
144,0.84592944,0.12547429,0.20281835,0.13437311,1450.0,-2.9215667,0.8,2900.0,0.4
145,0.8459371,0.12540753,0.20273133,0.13420558,1460.0,-3.4699287,0.7,2920.0,0.5
146,0.8459542,0.12519547,0.20277874,0.1340613,1470.0,-9.701121,0.4,2940.0,0.65
147,0.8460917,0.12504949,0.20282863,0.13402008,1480.0,-6.8088493,0.6,2960.0,0.5
148,0.8462387,0.12502687,0.20286773,0.13395815,1490.0,-3.6602204,0.8,2980.0,0.4
149,0.84641814,0.12508355,0.20282169,0.13412724,1500.0,-2.5232651,0.9,3000.0,0.35
150,0.8463993,0.124914266,0.20269705,0.13392311,1510.0,-6.0269785,0.7,3020.0,0.55
151,0.84642553,0.124847,0.20274435,0.13379604,1520.0,-4.8414907,0.9,3040.0,0.55
152,0.8466367,0.12480626,0.20281424,0.13371445,1530.0,-2.3735788,0.8,3060.0,0.5
153,0.84678024,0.12481318,0.202843,0.1337132,1540.0,-4.156003,0.8,3080.0,0.3
154,0.84690887,0.124789976,0.20290601,0.13376,1550.0,-4.6718826,0.6,3100.0,0.2
155,0.8469946,0.12481544,0.20281547,0.13377877,1560.0,-3.364265,0.9,3120.0,0.55
156,0.8470691,0.124654114,0.20276694,0.13361114,1570.0,-4.2198057,0.6,3140.0,0.6
157,0.84700346,0.12457335,0.20276456,0.1335247,1580.0,-2.6578293,0.9,3160.0,0.35
158,0.84698844,0.12444088,0.20274693,0.1333877,1590.0,-3.0220914,0.8,3180.0,0.4
159,0.8470254,0.12447134,0.2027541,0.13345319,1600.0,-4.9255886,0.6,3200.0,0.6
160,0.8470301,0.12450382,0.20276558,0.13338646,1610.0,-2.63691,0.9,3220.0,0.45
161,0.8471179,0.124477684,0.20266561,0.13337184,1620.0,-2.5933926,0.9,3240.0,0.5
162,0.84715635,0.124363504,0.20265076,0.13321936,1630.0,-2.165013,0.9,3260.0,0.7
163,0.84721136,0.12436519,0.20258933,0.13321245,1640.0,-2.7093072,0.8,3280.0,0.4
164,0.8471431,0.12427384,0.20254326,0.13312392,1650.0,-3.632811,0.7,3300.0,0.5
165,0.8471408,0.1241982,0.20257792,0.13312423,1660.0,-1.427612,1.0,3320.0,0.45
166,0.84716797,0.12409256,0.2025416,0.13305223,1670.0,-4.6995554,0.7,3340.0,0.5
167,0.84719324,0.12412361,0.20256041,0.13304389,1680.0,-2.1324296,0.9,3360.0,0.35
168,0.847171,0.12422461,0.20260601,0.13301583,1690.0,-3.2544644,0.8,3380.0,0.45
169,0.8471451,0.12412888,0.20258112,0.13282914,1700.0,-2.5106606,0.8,3400.0,0.75
170,0.84718436,0.12400406,0.20258507,0.13270503,1710.0,-3.0849226,0.9,3420.0,0.35
171,0.8470874,0.12393018,0.20259693,0.13270408,1720.0,-3.288035,0.7,3440.0,0.65
172,0.84721833,0.12384922,0.20254816,0.13259937,1730.0,-5.325515,0.8,3460.0,0.5
173,0.8473044,0.12403373,0.20250009,0.13256183,1740.0,-2.4378495,0.8,3480.0,0.6
174,0.8473672,0.1240651,0.20250857,0.13247345,1750.0,-2.2990756,0.8,3500.0,0.45
175,0.84738606,0.12401084,0.20249699,0.13239586,1760.0,-2.4337175,0.9,3520.0,0.45
176,0.8475499,0.12390291,0.20259361,0.13223235,1770.0,-1.6878214,0.9,3540.0,0.6
177,0.84761494,0.12401786,0.20268089,0.13221994,1780.0,-4.9264817,0.8,3560.0,0.7
178,0.84760386,0.124149024,0.20267588,0.13210103,1790.0,-3.1379967,0.9,3580.0,0.4
179,0.8477037,0.124144934,0.20265046,0.13198017,1800.0,-1.8684267,0.9,3600.0,0.45
180,0.8477028,0.12405328,0.20260102,0.13181147,1810.0,-1.3124853,1.0,3620.0,0.7
181,0.8478689,0.12397814,0.20256342,0.1317382,1820.0,-2.2801223,0.9,3640.0,0.4
182,0.84791034,0.12393281,0.20256607,0.13159138,1830.0,-3.3960261,0.8,3660.0,0.45
183,0.8479624,0.123781346,0.20256937,0.13141051,1840.0,-2.4442472,1.0,3680.0,0.65
184,0.84801954,0.12372511,0.2026641,0.13128795,1850.0,-2.4003115,0.9,3700.0,0.6
185,0.8480888,0.12388543,0.20262066,0.13130593,1860.0,-2.434126,0.9,3720.0,0.45
186,0.8482025,0.12389329,0.20265423,0.131215,1870.0,-1.5816467,1.0,3740.0,0.6
187,0.84818083,0.123887144,0.20261435,0.13109018,1880.0,-3.4426918,0.7,3760.0,0.55
188,0.84820336,0.123721205,0.20261252,0.13091688,1890.0,-3.3437743,0.8,3780.0,0.7
189,0.8482781,0.1237463,0.202613,0.13083479,1900.0,-2.1918993,0.9,3800.0,0.55
190,0.8482836,0.12367264,0.20249625,0.13080166,1910.0,-3.454134,0.7,3820.0,0.6
191,0.8483176,0.1236412,0.20247588,0.13070689,1920.0,-1.7363279,0.9,3840.0,0.7
192,0.8483484,0.123553336,0.20244303,0.13054739,1930.0,-1.7030382,1.0,3860.0,0.5
193,0.84841824,0.123529844,0.20242141,0.13045524,1940.0,-2.2240825,1.0,3880.0,0.6
194,0.84847456,0.12352405,0.20242237,0.13031982,1950.0,-3.6850555,0.7,3900.0,0.55
195,0.8485405,0.12341366,0.2023975,0.13029452,1960.0,-2.3809237,0.9,3920.0,0.65
196,0.8485773,0.12342145,0.20243944,0.1301772,1970.0,-1.7443186,1.0,3940.0,0.6
197,0.84868413,0.123396546,0.20244294,0.13013136,1980.0,-2.318544,1.0,3960.0,0.55
198,0.8488497,0.12351855,0.20248163,0.13008484,1990.0,-1.5098399,1.0,3980.0,0.5
199,0.8489155,0.123408936,0.20250732,0.12995909,2000.0,-2.4757252,1.0,4000.0,0.75
200,0.8489633,0.12329421,0.20254558,0.12984547,2010.0,-3.183001,0.9,4020.0,0.65
201,0.84883195,0.12342504,0.2024532,0.12981328,2020.0,-1.308861,1.0,4040.0,0.65
202,0.84888583,0.123331614,0.20239174,0.12969172,2030.0,-1.9070511,1.0,4060.0,0.8
203,0.84895855,0.123326294,0.2024182,0.12968649,2040.0,-1.8065951,1.0,4080.0,0.55
204,0.8488102,0.12343053,0.20241655,0.12964666,2050.0,-3.433736,0.8,4100.0,0.5
205,0.84884065,0.123354435,0.20242752,0.12956959,2060.0,-3.6319528,0.8,4120.0,0.6
206,0.8488944,0.123224705,0.2024208,0.12938593,2070.0,-2.356815,0.9,4140.0,0.75
207,0.84900635,0.123212315,0.20246255,0.12932537,2080.0,-1.6685063,1.0,4160.0,0.65
208,0.8490688,0.12310726,0.20246388,0.12925051,2090.0,-1.9573848,1.0,4180.0,0.75
209,0.84907365,0.12299552,0.20244743,0.12913908,2100.0,-4.3824024,0.8,4200.0,0.65
210,0.8490445,0.12318645,0.20243263,0.12926236,2110.0,-1.6452157,0.9,4220.0,0.3
211,0.84908384,0.12311994,0.20242357,0.12916881,2120.0,-4.0829835,0.9,4240.0,0.75
212,0.849169,0.12311349,0.20239477,0.12912017,2130.0,-2.3268485,1.0,4260.0,0.55
213,0.8491545,0.12325841,0.20240237,0.12915353,2140.0,-2.4636793,0.7,4280.0,0.55
214,0.8491721,0.123314045,0.20239764,0.12912135,2150.0,-2.2775333,0.9,4300.0,0.6
215,0.849253,0.12324671,0.20241728,0.12894388,2160.0,-2.5040011,0.8,4320.0,0.7
216,0.8492883,0.123236895,0.20237629,0.1289336,2170.0,-1.5543512,1.0,4340.0,0.6
217,0.8494544,0.12319544,0.20239668,0.12886952,2180.0,-3.8638191,0.9,4360.0,0.4
218,0.8494317,0.12311787,0.2023899,0.12883326,2190.0,-1.7840071,0.9,4380.0,0.45
219,0.8494652,0.12298731,0.20239168,0.12869349,2200.0,-1.4707977,1.0,4400.0,0.6
220,0.8495174,0.12309287,0.20244904,0.12872408,2210.0,-2.2263558,0.8,4420.0,0.35
221,0.84947425,0.12317809,0.20239215,0.12871806,2220.0,-1.6119865,0.9,4440.0,0.45
222,0.8496249,0.12329227,0.20244089,0.12876876,2230.0,-2.1336923,0.8,4460.0,0.45
223,0.8496893,0.12337554,0.20245439,0.12871164,2240.0,-1.4371874,0.9,4480.0,0.45
224,0.84970754,0.12326134,0.20247228,0.12864764,2250.0,-1.6066077,1.0,4500.0,0.55
225,0.84977406,0.12320929,0.20249389,0.12853955,2260.0,-1.2898086,1.0,4520.0,0.65
226,0.84974545,0.12314018,0.20252696,0.12847085,2270.0,-2.1549878,0.9,4540.0,0.6
227,0.8498598,0.123064876,0.20256172,0.12832874,2280.0,-2.3790245,0.8,4560.0,0.55
228,0.8498435,0.12297415,0.2025766,0.1282313,2290.0,-1.3562196,1.0,4580.0,0.8
229,0.8499067,0.12294828,0.20254165,0.1281207,2300.0,-1.1717509,1.0,4600.0,0.55
230,0.84999794,0.12306061,0.20253344,0.12806928,2310.0,-3.043311,0.9,4620.0,0.5
231,0.8500652,0.12300978,0.2025476,0.127953,2320.0,-1.8854713,1.0,4640.0,0.6
232,0.85014707,0.12291488,0.20256633,0.1278183,2330.0,-1.6938353,1.0,4660.0,0.6
233,0.85017973,0.122861646,0.20251083,0.12777896,2340.0,-1.7374634,1.0,4680.0,0.65
234,0.85026723,0.12276173,0.20252189,0.1276916,2350.0,-1.3625543,0.9,4700.0,0.5
235,0.85031074,0.12287655,0.20254621,0.12771499,2360.0,-2.2739882,1.0,4720.0,0.6
236,0.85035354,0.12289349,0.20253286,0.12766443,2370.0,-1.8178346,0.9,4740.0,0.7
237,0.8503263,0.122889064,0.20249346,0.12760627,2380.0,-1.2516673,1.0,4760.0,0.6
238,0.8503545,0.122792654,0.20253107,0.12762818,2390.0,-1.7284905,0.9,4780.0,0.65
239,0.8503659,0.122712694,0.20252115,0.12754449,2400.0,-2.5708423,0.9,4800.0,0.55
240,0.8504286,0.12277716,0.2025243,0.12750898,2410.0,-1.2724718,0.9,4820.0,0.55
241,0.8504932,0.122681014,0.20255934,0.12745723,2420.0,-1.7834282,1.0,4840.0,0.45
242,0.8506336,0.12273256,0.20256124,0.12736923,2430.0,-1.9926733,1.0,4860.0,0.45
243,0.8507015,0.12270383,0.20256913,0.12731138,2440.0,-1.9756657,1.0,4880.0,0.35
244,0.85075146,0.12268714,0.20259714,0.12723397,2450.0,-2.8313441,0.9,4900.0,0.5
245,0.8508094,0.12262285,0.20258814,0.12713066,2460.0,-2.3340993,0.9,4920.0,0.6
246,0.8508797,0.12254405,0.2026115,0.12707178,2470.0,-1.4507129,1.0,4940.0,0.75
247,0.85091496,0.12249547,0.2026535,0.12702754,2480.0,-3.2529812,0.8,4960.0,0.5
248,0.8509055,0.122433655,0.20262194,0.12697324,2490.0,-1.9181083,1.0,4980.0,0.65
249,0.8509286,0.122319035,0.20263949,0.1268478,2500.0,-2.0530334,1.0,5000.0,0.8
250,0.8509321,0.12223911,0.20257914,0.12680279,2510.0,-1.0533851,1.0,5020.0,0.8
251,0.85091156,0.12227896,0.20259553,0.12673812,2520.0,-2.1243868,0.8,5040.0,0.75
252,0.8509741,0.12226677,0.20257366,0.12668282,2530.0,-4.6686773,0.9,5060.0,0.55
253,0.8510184,0.12215242,0.20257407,0.12659916,2540.0,-1.7574126,1.0,5080.0,0.7
254,0.85109407,0.12208264,0.20259699,0.12646285,2550.0,-3.5991592,0.7,5100.0,0.7
255,0.851124,0.12208413,0.20261784,0.12641938,2560.0,-1.7646234,0.9,5120.0,0.6
256,0.85110027,0.121946275,0.20261881,0.12635447,2570.0,-2.5276942,1.0,5140.0,0.7
257,0.8511243,0.121928245,0.20260525,0.12626976,2580.0,-1.6532958,0.9,5160.0,0.6
258,0.8511419,0.12187173,0.20263602,0.12620501,2590.0,-1.6632534,1.0,5180.0,0.65
259,0.85122234,0.12182381,0.20264505,0.12616466,2600.0,-1.1633282,1.0,5200.0,0.45
260,0.8512318,0.12174048,0.20269293,0.12614729,2610.0,-1.8547865,0.9,5220.0,0.6
261,0.8513119,0.121718764,0.20267276,0.12609455,2620.0,-1.3763076,1.0,5240.0,0.3
262,0.8513014,0.12176541,0.20269376,0.1260656,2630.0,-1.3806427,1.0,5260.0,0.7
263,0.8512919,0.12176297,0.20270611,0.1260538,2640.0,-1.6913971,1.0,5280.0,0.55
264,0.85129523,0.12175294,0.20270012,0.1259828,2650.0,-2.5847363,0.9,5300.0,0.6
265,0.8512924,0.12173432,0.20267868,0.1259794,2660.0,-1.2849754,1.0,5320.0,0.5
266,0.8512884,0.12176398,0.20268458,0.1259666,2670.0,-1.3258847,1.0,5340.0,0.5
267,0.8513667,0.1216774,0.20269026,0.12594774,2680.0,-1.6328074,0.9,5360.0,0.6
268,0.8513854,0.12172023,0.2027096,0.12590794,2690.0,-1.8193582,0.9,5380.0,0.5
269,0.8514795,0.12169886,0.20271179,0.12583846,2700.0,-1.0730468,1.0,5400.0,0.55
270,0.8515208,0.12162286,0.2027258,0.12574452,2710.0,-1.4554652,1.0,5420.0,0.6
271,0.8515451,0.121713184,0.20274754,0.1257403,2720.0,-2.2185862,1.0,5440.0,0.6
272,0.8515968,0.121689655,0.20272951,0.12564585,2730.0,-2.496154,1.0,5460.0,0.55
273,0.85169816,0.121623896,0.20273678,0.12549388,2740.0,-1.6810385,1.0,5480.0,0.6
274,0.85172325,0.12152547,0.20272553,0.12539642,2750.0,-1.7088861,1.0,5500.0,0.75
275,0.8517184,0.121522605,0.20268127,0.12535901,2760.0,-1.6131872,0.9,5520.0,0.45
276,0.8517828,0.12154781,0.20268618,0.12533844,2770.0,-0.8749194,1.0,5540.0,0.65
277,0.8518147,0.12151632,0.20272473,0.12528041,2780.0,-1.4651669,1.0,5560.0,0.6
278,0.8518653,0.121485114,0.20275475,0.12525378,2790.0,-1.8598716,0.9,5580.0,0.55
279,0.8518743,0.121481895,0.20276576,0.12518865,2800.0,-2.5748417,0.8,5600.0,0.6
280,0.85191756,0.1214715,0.20278259,0.1251538,2810.0,-1.936952,1.0,5620.0,0.4
281,0.85202336,0.1213778,0.20283285,0.12504311,2820.0,-2.000269,0.9,5640.0,0.6
282,0.85197574,0.12126901,0.20285118,0.12491491,2830.0,-1.6405255,0.8,5660.0,0.75
283,0.85203785,0.121261455,0.2028369,0.12485841,2840.0,-2.81882,0.9,5680.0,0.5
284,0.8520219,0.12122885,0.20283891,0.12490375,2850.0,-1.9779422,1.0,5700.0,0.55
285,0.85199517,0.12133322,0.2028357,0.12500477,2860.0,-1.5307071,1.0,5720.0,0.3
286,0.85202414,0.12127831,0.2028538,0.124942034,2870.0,-2.3342566,0.9,5740.0,0.65
287,0.8520355,0.12118087,0.20285477,0.12489913,2880.0,-3.5208454,0.8,5760.0,0.65
288,0.8521075,0.121182926,0.202885,0.124914534,2890.0,-1.6038727,0.9,5780.0,0.6
289,0.8521835,0.121153645,0.20288843,0.12492741,2900.0,-1.8021332,1.0,5800.0,0.6
290,0.85219383,0.12108931,0.2028812,0.12480464,2910.0,-2.021781,1.0,5820.0,0.75
291,0.852206,0.12118519,0.20291117,0.124838375,2920.0,-1.2704508,1.0,5840.0,0.65
292,0.852165,0.12109065,0.20291586,0.12470569,2930.0,-1.0817462,1.0,5860.0,0.8
293,0.85221356,0.12103977,0.20292522,0.12460566,2940.0,-1.3417978,1.0,5880.0,0.8
294,0.8522598,0.12098461,0.20291644,0.12455246,2950.0,-1.19333,1.0,5900.0,0.7
295,0.8523462,0.12090603,0.20290776,0.12444691,2960.0,-1.3378541,1.0,5920.0,0.55
296,0.8523963,0.12086771,0.20290144,0.124380216,2970.0,-1.8878416,0.9,5940.0,0.55
297,0.8524484,0.120793045,0.20290612,0.12431812,2980.0,-1.4727043,0.9,5960.0,0.6
298,0.85244304,0.120705016,0.20291735,0.12420991,2990.0,-2.3694062,1.0,5980.0,0.7
299,0.85241884,0.120605014,0.20297474,0.12411563,3000.0,-1.1869774,1.0,6000.0,0.7
300,0.8524949,0.12056645,0.2029944,0.12404931,3010.0,-0.9298093,1.0,6020.0,0.5
301,0.8525162,0.12050083,0.2029996,0.12397899,3020.0,-1.394701,1.0,6040.0,0.65
302,0.85257405,0.1204366,0.20302154,0.12391958,3030.0,-1.1128926,1.0,6060.0,0.5
303,0.8526327,0.12038156,0.203027,0.12383621,3040.0,-1.1449548,1.0,6080.0,0.6
304,0.8527041,0.12031778,0.20301671,0.12376788,3050.0,-1.4832146,1.0,6100.0,0.6
305,0.85268885,0.120226026,0.20303997,0.123707354,3060.0,-1.121039,1.0,6120.0,0.6
306,0.8527436,0.12022299,0.20308991,0.12361273,3070.0,-1.1680081,1.0,6140.0,0.55
307,0.8527496,0.120191954,0.20310019,0.1235688,3080.0,-1.4236958,0.9,6160.0,0.75
308,0.8528123,0.12016029,0.20314024,0.12349356,3090.0,-5.145318,0.9,6180.0,0.55
309,0.8528726,0.12020403,0.2031869,0.12350825,3100.0,-1.5099785,1.0,6200.0,0.6
310,0.852853,0.12018523,0.20316376,0.123412855,3110.0,-2.04276,1.0,6220.0,0.55
311,0.8529201,0.12014794,0.20318595,0.12333958,3120.0,-0.9527192,0.9,6240.0,0.5
312,0.8530028,0.12008577,0.20321395,0.12327468,3130.0,-1.8814595,0.9,6260.0,0.7
313,0.8530739,0.1200226,0.20324957,0.12317609,3140.0,-1.0127604,1.0,6280.0,0.65
314,0.8531115,0.119995,0.20323715,0.12313711,3150.0,-1.8999367,1.0,6300.0,0.65
315,0.85317063,0.11995959,0.20325114,0.12305335,3160.0,-0.90210736,1.0,6320.0,0.6
316,0.8531725,0.11988444,0.20325205,0.122983456,3170.0,-1.9382988,1.0,6340.0,0.6
317,0.8532109,0.11984762,0.20323251,0.12291694,3180.0,-3.1830049,0.8,6360.0,0.55
318,0.8532041,0.119759716,0.20321064,0.122878104,3190.0,-1.5081017,0.9,6380.0,0.55
319,0.8532481,0.11977313,0.20323616,0.122843534,3200.0,-2.303556,0.9,6400.0,0.45
320,0.85326594,0.119739056,0.20323154,0.12280269,3210.0,-1.1999261,1.0,6420.0,0.45
321,0.85322165,0.11966435,0.20325172,0.1227309,3220.0,-1.2272662,1.0,6440.0,0.7
322,0.8531816,0.11960286,0.20324798,0.12261285,3230.0,-1.1027111,1.0,6460.0,0.7
323,0.85323423,0.1196627,0.20326158,0.12265073,3240.0,-3.0489688,0.9,6480.0,0.45
324,0.85331297,0.119653024,0.20326906,0.12254922,3250.0,-1.4937199,0.9,6500.0,0.7
325,0.85332185,0.11965048,0.20325159,0.12251166,3260.0,-1.7614338,0.9,6520.0,0.6
326,0.8533613,0.11965481,0.20327514,0.12248173,3270.0,-1.7697392,0.9,6540.0,0.55
327,0.85339445,0.11961045,0.2033017,0.12241115,3280.0,-3.456316,0.8,6560.0,0.6
328,0.85343575,0.11956807,0.2032806,0.12231816,3290.0,-1.682979,1.0,6580.0,0.75
329,0.8534312,0.11951051,0.2033098,0.122261696,3300.0,-1.2030351,1.0,6600.0,0.6
330,0.85347086,0.11950237,0.2033589,0.12223801,3310.0,-1.4200038,0.9,6620.0,0.55
331,0.85349196,0.1194971,0.20334427,0.12222904,3320.0,-0.8607868,1.0,6640.0,0.55
332,0.85350704,0.1194458,0.20333463,0.12217543,3330.0,-1.937063,1.0,6660.0,0.7
333,0.8535362,0.11945049,0.20333517,0.122133456,3340.0,-1.2389896,1.0,6680.0,0.6
334,0.8535796,0.11943392,0.20334071,0.122076586,3350.0,-1.1066724,1.0,6700.0,0.5
335,0.8536685,0.119397305,0.20335566,0.122031644,3360.0,-1.2972553,1.0,6720.0,0.7
336,0.853761,0.11936281,0.20334168,0.1220006,3370.0,-1.396326,1.0,6740.0,0.7
337,0.853708,0.11937567,0.20335567,0.12199997,3380.0,-3.958406,0.9,6760.0,0.7
338,0.8537231,0.11936655,0.20334722,0.12193989,3390.0,-1.5647666,1.0,6780.0,0.55
339,0.8537559,0.11930045,0.20335203,0.12186744,3400.0,-1.3038025,1.0,6800.0,0.7
340,0.8537229,0.1192343,0.20335014,0.1217729,3410.0,-1.1290748,1.0,6820.0,0.8
341,0.8537009,0.119154334,0.20330767,0.12174341,3420.0,-2.1036499,0.9,6840.0,0.8
342,0.8536746,0.119067825,0.20330285,0.12166085,3430.0,-0.95042074,0.9,6860.0,0.8
343,0.85365564,0.11900721,0.20333701,0.121613905,3440.0,-0.765324,1.0,6880.0,0.55
344,0.8536742,0.119013876,0.20334613,0.1215511,3450.0,-1.4419998,1.0,6900.0,0.7
345,0.8536728,0.11899432,0.20333111,0.12153066,3460.0,-1.4513904,1.0,6920.0,0.65
346,0.8537004,0.119008265,0.20330897,0.12148475,3470.0,-1.3029977,1.0,6940.0,0.75
347,0.8537173,0.11894847,0.20330216,0.121422365,3480.0,-1.176816,1.0,6960.0,0.8
348,0.853703,0.118941486,0.20330143,0.12134882,3490.0,-1.80312,1.0,6980.0,0.6
349,0.85369354,0.118920535,0.20331776,0.121266544,3500.0,-1.5199475,1.0,7000.0,0.7
350,0.8537099,0.11885953,0.2033202,0.12114748,3510.0,-1.104473,1.0,7020.0,0.85
351,0.85368514,0.1188096,0.20328562,0.121123575,3520.0,-1.3433839,1.0,7040.0,0.7
352,0.853728,0.11879768,0.20330788,0.12109685,3530.0,-1.1275305,1.0,7060.0,0.5
353,0.85376364,0.11874495,0.20329715,0.12110886,3540.0,-1.4011962,0.9,7080.0,0.55
354,0.8537943,0.11874825,0.20330355,0.12103446,3550.0,-2.702322,0.8,7100.0,0.6
355,0.8538243,0.118673414,0.20329401,0.12096728,3560.0,-1.7316856,0.9,7120.0,0.75
356,0.8538537,0.118611395,0.20329502,0.120879374,3570.0,-1.9032819,1.0,7140.0,0.75
357,0.8538721,0.11858982,0.20331274,0.12079862,3580.0,-1.8084536,1.0,7160.0,0.55
358,0.853928,0.118570454,0.20334078,0.1207547,3590.0,-1.5654497,1.0,7180.0,0.55
359,0.8539252,0.1185227,0.20334382,0.120684,3600.0,-2.027483,0.9,7200.0,0.8
360,0.85394233,0.11850011,0.20336492,0.12070568,3610.0,-1.1931865,1.0,7220.0,0.4
361,0.8540061,0.118558876,0.20337927,0.12066037,3620.0,-1.2926208,0.9,7240.0,0.55
362,0.8540117,0.118545,0.20334539,0.120703734,3630.0,-1.7493347,1.0,7260.0,0.8
363,0.85401076,0.118482806,0.20335284,0.12061169,3640.0,-1.3079693,0.9,7280.0,0.55
364,0.854031,0.118441306,0.2033391,0.120551035,3650.0,-2.3826125,1.0,7300.0,0.65
365,0.8540614,0.11839467,0.20336539,0.12049542,3660.0,-1.1797706,1.0,7320.0,0.65
366,0.8540574,0.11834469,0.20334746,0.12042932,3670.0,-1.5531199,1.0,7340.0,0.75
367,0.85405207,0.118295245,0.20335837,0.120388724,3680.0,-2.5240834,0.8,7360.0,0.7
368,0.85408425,0.1182499,0.20333081,0.12033211,3690.0,-1.6395576,1.0,7380.0,0.65
369,0.8541793,0.11822022,0.20332928,0.12026929,3700.0,-1.0919989,1.0,7400.0,0.6
370,0.8541949,0.1182062,0.20333304,0.1202814,3710.0,-1.401903,1.0,7420.0,0.65
371,0.8542227,0.11812541,0.20336261,0.12023091,3720.0,-1.9149466,1.0,7440.0,0.85
372,0.8542736,0.11809907,0.20335558,0.12016715,3730.0,-2.1030107,1.0,7460.0,0.65
373,0.8542288,0.11802456,0.20336616,0.12012554,3740.0,-1.435264,1.0,7480.0,0.8
374,0.85428125,0.117948435,0.20337482,0.120047,3750.0,-1.7885418,1.0,7500.0,0.7
375,0.8542877,0.11792227,0.20339993,0.11997968,3760.0,-1.3569815,0.9,7520.0,0.7
376,0.8543198,0.117920995,0.20341225,0.11996025,3770.0,-1.2334025,1.0,7540.0,0.55
377,0.85438174,0.11793995,0.20343243,0.11996403,3780.0,-1.2878094,1.0,7560.0,0.35
378,0.8544145,0.11790236,0.2034371,0.11991333,3790.0,-1.7347345,1.0,7580.0,0.6
379,0.85443133,0.11784827,0.2034329,0.119868346,3800.0,-1.5609367,1.0,7600.0,0.6
380,0.85442144,0.1178,0.20343748,0.11980512,3810.0,-1.0922829,1.0,7620.0,0.65
381,0.854424,0.11772716,0.20342968,0.11972228,3820.0,-1.6766336,1.0,7640.0,0.8
382,0.85442287,0.117729366,0.20341769,0.11967358,3830.0,-0.8905743,1.0,7660.0,0.45
383,0.8544407,0.117679,0.2034034,0.11961665,3840.0,-1.0984763,1.0,7680.0,0.7
384,0.85446733,0.117637716,0.20339318,0.119543895,3850.0,-1.3831112,1.0,7700.0,0.55
385,0.85451466,0.117600165,0.20340107,0.119509086,3860.0,-2.379961,0.9,7720.0,0.6
386,0.85453635,0.11754602,0.20341787,0.119428635,3870.0,-1.7344612,1.0,7740.0,0.8
387,0.854543,0.11755475,0.2034154,0.119394615,3880.0,-1.8661703,0.8,7760.0,0.6
388,0.8545759,0.11753919,0.20344657,0.11932454,3890.0,-1.4194697,1.0,7780.0,0.5
389,0.8545637,0.11751001,0.20346205,0.11930151,3900.0,-1.4452255,1.0,7800.0,0.8
390,0.8545745,0.11747473,0.20349087,0.119257495,3910.0,-1.5003816,1.0,7820.0,0.4
391,0.8545689,0.11739367,0.20347378,0.11924007,3920.0,-1.119754,1.0,7840.0,0.75
392,0.85459733,0.11751316,0.20347941,0.11928149,3930.0,-1.1511009,1.0,7860.0,0.45
393,0.8546181,0.11749651,0.20346373,0.11927901,3940.0,-1.3934951,1.0,7880.0,0.75
394,0.85463303,0.117430024,0.2034877,0.11922975,3950.0,-1.604097,0.9,7900.0,0.85
395,0.85464406,0.117454834,0.20349985,0.11925608,3960.0,-1.0830758,1.0,7920.0,0.55
396,0.8546834,0.117453,0.20354204,0.11925849,3970.0,-1.8343716,1.0,7940.0,0.45
397,0.8546731,0.11743935,0.20356089,0.11924448,3980.0,-1.3911707,1.0,7960.0,0.7
398,0.85470676,0.11744357,0.20356649,0.11921237,3990.0,-1.2656534,1.0,7980.0,0.45
399,0.8547315,0.11745777,0.2035851,0.119210854,4000.0,-1.8147871,1.0,8000.0,0.5
400,0.8547079,0.117410004,0.20357512,0.11916573,4010.0,-1.3189305,1.0,8020.0,0.55
401,0.854671,0.117422126,0.20357096,0.11915066,4020.0,-1.018431,1.0,8040.0,0.6
402,0.85468024,0.117403924,0.20355615,0.11914755,4030.0,-1.3236414,0.9,8060.0,0.5
403,0.8547011,0.117432795,0.20356806,0.11913855,4040.0,-4.5085454,0.9,8080.0,0.5
404,0.8546346,0.117453784,0.20354426,0.11909216,4050.0,-1.4880967,1.0,8100.0,0.5
405,0.854657,0.11738572,0.2035448,0.11900623,4060.0,-1.5589331,1.0,8120.0,0.65
406,0.85464257,0.11732558,0.20352338,0.118989475,4070.0,-5.9406133,0.9,8140.0,0.6
407,0.8546884,0.1172873,0.20352349,0.11895446,4080.0,-1.6391985,1.0,8160.0,0.75
408,0.8546486,0.11728414,0.2035179,0.118901044,4090.0,-1.1532452,1.0,8180.0,0.75
409,0.85463667,0.11723673,0.2035171,0.118853614,4100.0,-1.8447144,0.9,8200.0,0.75
410,0.854671,0.117178805,0.2035121,0.118792206,4110.0,-1.3722471,1.0,8220.0,0.7
411,0.85465306,0.117135435,0.20351996,0.11874923,4120.0,-1.1314812,1.0,8240.0,0.65
412,0.854654,0.11711951,0.2035318,0.11870741,4130.0,-1.1056292,1.0,8260.0,0.5
413,0.85462236,0.11708504,0.20351915,0.118650235,4140.0,-1.3931867,1.0,8280.0,0.65
414,0.8546594,0.11707608,0.20353079,0.11859302,4150.0,-1.1027269,1.0,8300.0,0.6
415,0.8546998,0.1170226,0.2035396,0.11851764,4160.0,-1.941055,1.0,8320.0,0.5
416,0.85470706,0.11699138,0.20351349,0.11850745,4170.0,-1.670902,0.9,8340.0,0.8
417,0.8546881,0.11690911,0.20350365,0.11843862,4180.0,-1.5340979,1.0,8360.0,0.65
418,0.8546774,0.11687565,0.20349795,0.11838361,4190.0,-1.0788653,1.0,8380.0,0.55
419,0.8547649,0.116845906,0.20351627,0.11833744,4200.0,-1.2173011,1.0,8400.0,0.3
420,0.8547842,0.11681563,0.2034876,0.118343264,4210.0,-1.9526066,1.0,8420.0,0.55
421,0.85477084,0.116767175,0.20346409,0.118324116,4220.0,-1.1063505,1.0,8440.0,0.7
422,0.8548053,0.116772376,0.20348842,0.1183097,4230.0,-1.332335,1.0,8460.0,0.65
423,0.8548178,0.11678922,0.20350622,0.11828379,4240.0,-1.7206558,1.0,8480.0,0.75
424,0.85487586,0.11683736,0.20352902,0.11827173,4250.0,-1.2881632,1.0,8500.0,0.65
425,0.85489756,0.11680738,0.20353957,0.11824278,4260.0,-1.161276,1.0,8520.0,0.75
426,0.85493857,0.1167737,0.20355068,0.118195675,4270.0,-1.2973385,1.0,8540.0,0.5
427,0.8549802,0.11685169,0.20358364,0.11826724,4280.0,-1.1247318,1.0,8560.0,0.5
428,0.8550081,0.11680593,0.20357834,0.1182114,4290.0,-1.5930378,0.9,8580.0,0.6
429,0.85505915,0.116890766,0.20357396,0.1182554,4300.0,-1.8910971,1.0,8600.0,0.35
430,0.85509205,0.11683917,0.20356213,0.11826043,4310.0,-1.2214245,1.0,8620.0,0.4
431,0.85509986,0.11682143,0.20356081,0.11825401,4320.0,-1.6693264,1.0,8640.0,0.5
432,0.85505915,0.116816044,0.20354693,0.11821828,4330.0,-1.4335006,1.0,8660.0,0.7
433,0.8551011,0.116799355,0.20354685,0.11816233,4340.0,-1.6001062,1.0,8680.0,0.7
434,0.8550913,0.11675614,0.20354651,0.118096344,4350.0,-1.5451548,1.0,8700.0,0.55
435,0.8551154,0.11671507,0.2035492,0.118027955,4360.0,-1.1727929,1.0,8720.0,0.7
436,0.8550728,0.11666813,0.20353952,0.11795246,4370.0,-2.5786166,1.0,8740.0,0.7
437,0.8550944,0.116617985,0.2035235,0.117907144,4380.0,-0.9861328,1.0,8760.0,0.65
438,0.8551671,0.11665681,0.20352928,0.117904246,4390.0,-0.84269315,1.0,8780.0,0.45
439,0.8551467,0.11665619,0.20354639,0.11791109,4400.0,-1.0375359,1.0,8800.0,0.55
440,0.85518914,0.116646565,0.2035721,0.11786843,4410.0,-1.7493277,1.0,8820.0,0.7
441,0.85513926,0.1165902,0.20355982,0.11779478,4420.0,-0.99067247,1.0,8840.0,0.85
442,0.85516715,0.1165958,0.20356102,0.11779084,4430.0,-1.4772155,1.0,8860.0,0.5
443,0.85517144,0.11660993,0.20356363,0.11773212,4440.0,-1.5575144,1.0,8880.0,0.7
444,0.8551906,0.11659998,0.20357096,0.117715664,4450.0,-1.5608709,1.0,8900.0,0.7
445,0.85519296,0.11657723,0.20356585,0.1177449,4460.0,-1.3864049,0.9,8920.0,0.65
446,0.8552434,0.11655414,0.20356204,0.11769852,4470.0,-1.0940663,1.0,8940.0,0.6
447,0.8552261,0.11648009,0.20355932,0.11767257,4480.0,-2.709312,1.0,8960.0,0.75
448,0.8552576,0.11642083,0.20355627,0.11760679,4490.0,-1.5402395,1.0,8980.0,0.85
449,0.8552266,0.11641968,0.20355646,0.117627,4500.0,-1.0448964,1.0,9000.0,0.55
450,0.85523623,0.116366796,0.20358017,0.117575556,4510.0,-1.952383,0.9,9020.0,0.65
451,0.8552597,0.11640191,0.2035985,0.117604695,4520.0,-1.6010313,1.0,9040.0,0.6
452,0.8552744,0.116360635,0.20360321,0.11753294,4530.0,-2.534597,0.9,9060.0,0.75
453,0.8552838,0.11633545,0.20360795,0.11747537,4540.0,-1.2112153,1.0,9080.0,0.8
454,0.85532564,0.1163033,0.20359768,0.1174328,4550.0,-1.3075248,1.0,9100.0,0.75
455,0.85536695,0.11625895,0.20359851,0.117365524,4560.0,-1.2872502,1.0,9120.0,0.55
456,0.8553632,0.11624211,0.2036193,0.11733456,4570.0,-1.2475034,1.0,9140.0,0.55
457,0.8553627,0.11619401,0.2036209,0.11725912,4580.0,-1.1901278,1.0,9160.0,0.65
458,0.85535073,0.11618621,0.20361595,0.1172095,4590.0,-1.1388007,1.0,9180.0,0.55
459,0.8553612,0.11614394,0.20363721,0.1171549,4600.0,-1.6907642,1.0,9200.0,0.7
460,0.85536236,0.11612762,0.20361859,0.117145225,4610.0,-1.420664,0.9,9220.0,0.65
461,0.85538155,0.11610349,0.20362793,0.117192335,4620.0,-1.5847973,1.0,9240.0,0.6
462,0.85536045,0.11603453,0.20361096,0.11712476,4630.0,-1.1436456,1.0,9260.0,0.7
463,0.8553454,0.11602601,0.2036196,0.11709374,4640.0,-1.3066313,0.9,9280.0,0.7
464,0.8553342,0.115988135,0.2036045,0.117106885,4650.0,-1.711471,1.0,9300.0,0.65
465,0.8553508,0.115991615,0.20360595,0.11706091,4660.0,-0.9771913,1.0,9320.0,0.45
466,0.8553493,0.11594812,0.2035938,0.11703567,4670.0,-1.0877502,1.0,9340.0,0.75
467,0.8553327,0.11593454,0.20359346,0.11700007,4680.0,-1.2327092,1.0,9360.0,0.55
468,0.8553283,0.11590678,0.20359051,0.11693928,4690.0,-1.1985945,1.0,9380.0,0.8
469,0.85533667,0.11588543,0.20359555,0.11691391,4700.0,-1.0124454,1.0,9400.0,0.6
470,0.8553279,0.11590606,0.20359078,0.11687295,4710.0,-1.8634415,1.0,9420.0,0.7
471,0.85539395,0.115955256,0.20360556,0.11689459,4720.0,-3.2649608,1.0,9440.0,0.45
472,0.8554055,0.11599506,0.2035867,0.11688574,4730.0,-1.8752178,1.0,9460.0,0.5
473,0.8554511,0.115965426,0.20359075,0.11682118,4740.0,-2.0192382,1.0,9480.0,0.6
474,0.8554537,0.11592204,0.20359677,0.11683001,4750.0,-1.2821147,1.0,9500.0,0.5
475,0.85542804,0.11589243,0.20361514,0.11679556,4760.0,-1.69599,0.9,9520.0,0.75
476,0.8554558,0.1158639,0.20360614,0.116765134,4770.0,-1.162756,0.9,9540.0,0.6
477,0.85544354,0.115816616,0.20360982,0.1166906,4780.0,-0.9411314,1.0,9560.0,0.7
478,0.85550064,0.11580964,0.2036239,0.116675556,4790.0,-1.2350347,1.0,9580.0,0.55
479,0.8555288,0.115762375,0.20361817,0.1166628,4800.0,-1.4360546,1.0,9600.0,0.7
480,0.85553247,0.11572508,0.20363517,0.11663665,4810.0,-1.6883905,1.0,9620.0,0.6
481,0.8555505,0.11576334,0.20362759,0.11662681,4820.0,-1.4040029,1.0,9640.0,0.5
482,0.85556865,0.115792535,0.20363788,0.11660495,4830.0,-1.098642,1.0,9660.0,0.65
483,0.855546,0.11574679,0.20362858,0.116607904,4840.0,-1.2267449,1.0,9680.0,0.7
484,0.8555784,0.11574153,0.20363015,0.11661768,4850.0,-1.2458723,1.0,9700.0,0.65
485,0.85559434,0.115714274,0.20364115,0.11660222,4860.0,-1.4034853,0.9,9720.0,0.6
486,0.85561234,0.11574342,0.20363466,0.116586216,4870.0,-1.296866,1.0,9740.0,0.7
487,0.85563666,0.11573974,0.20363884,0.11655139,4880.0,-1.4920881,1.0,9760.0,0.55
488,0.85564137,0.11570784,0.2036556,0.11652113,4890.0,-2.9759226,0.8,9780.0,0.65
489,0.8556805,0.115690835,0.20367365,0.116461605,4900.0,-1.2838748,1.0,9800.0,0.7
490,0.85570025,0.115659155,0.20367357,0.11642078,4910.0,-1.3473794,0.9,9820.0,0.75
491,0.8556852,0.11565387,0.2036715,0.11644598,4920.0,-1.2314818,0.9,9840.0,0.55
492,0.8557,0.11564088,0.20364922,0.11643416,4930.0,-1.0111477,1.0,9860.0,0.45
493,0.8557125,0.11561275,0.20365529,0.116421595,4940.0,-1.7542168,0.9,9880.0,0.45
494,0.855721,0.11555468,0.20363997,0.11638179,4950.0,-1.5643096,0.9,9900.0,0.8
495,0.8557236,0.11551715,0.20363295,0.11636515,4960.0,-1.8509216,0.9,9920.0,0.65
496,0.85569793,0.115542375,0.20363173,0.11638385,4970.0,-0.67408407,1.0,9940.0,0.55
497,0.85571057,0.1155169,0.20363909,0.11633151,4980.0,-1.3095154,1.0,9960.0,0.85
498,0.8557008,0.11549991,0.20362903,0.11629185,4990.0,-1.5067466,1.0,9980.0,0.65
499,0.8557367,0.1154773,0.20362909,0.11624673,5000.0,-1.27342,1.0,10000.0,0.75
500,0.8557732,0.11546358,0.20364767,0.116203345,5010.0,-1.2990875,1.0,10020.0,0.75
501,0.85577554,0.11544015,0.20364243,0.116214186,5020.0,-1.3074236,1.0,10040.0,0.55
502,0.8558106,0.11545686,0.20367187,0.11622827,5030.0,-1.7640917,1.0,10060.0,0.65
503,0.8557996,0.115429945,0.20367818,0.11616329,5040.0,-0.75430685,1.0,10080.0,0.85
504,0.85581183,0.115399696,0.20369378,0.116120264,5050.0,-1.2839084,1.0,10100.0,0.7
505,0.85584396,0.11538979,0.20369661,0.1160737,5060.0,-1.83699,1.0,10120.0,0.65
506,0.8558565,0.11537065,0.2036998,0.116039425,5070.0,-0.97797936,1.0,10140.0,0.7
507,0.85585517,0.115429424,0.20371853,0.11602218,5080.0,-1.1435105,1.0,10160.0,0.65
508,0.8558629,0.115422286,0.20373578,0.115982704,5090.0,-1.1954337,1.0,10180.0,0.6
509,0.85588527,0.11542144,0.2037239,0.11599845,5100.0,-1.4239157,1.0,10200.0,0.6
510,0.8558964,0.11541066,0.20372339,0.11597826,5110.0,-1.7195133,0.8,10220.0,0.55
511,0.8559263,0.115413934,0.2037527,0.11597571,5120.0,-2.0510352,1.0,10240.0,0.65
512,0.855927,0.11543097,0.20376272,0.115985766,5130.0,-1.0471833,1.0,10260.0,0.5
513,0.85592127,0.11540946,0.20376718,0.115930684,5140.0,-0.9181625,1.0,10280.0,0.7
514,0.85592717,0.11538782,0.20375976,0.11589136,5150.0,-1.4273157,1.0,10300.0,0.6
515,0.85589457,0.11536888,0.20375524,0.11584039,5160.0,-1.1214273,0.9,10320.0,0.7
516,0.85587484,0.11531657,0.20374684,0.11577657,5170.0,-0.741968,1.0,10340.0,0.8
517,0.8558598,0.115320206,0.20374034,0.115740806,5180.0,-1.440797,1.0,10360.0,0.45
518,0.85587686,0.11528611,0.20374475,0.11569133,5190.0,-0.9106328,1.0,10380.0,0.8
519,0.85589904,0.11528321,0.20374781,0.115653254,5200.0,-1.6456076,1.0,10400.0,0.6
520,0.85591316,0.115264595,0.20375307,0.1156109,5210.0,-0.95028174,1.0,10420.0,0.65
521,0.85594064,0.11523042,0.20375581,0.11556343,5220.0,-1.6238817,1.0,10440.0,0.65
522,0.8559559,0.11525921,0.2037632,0.11554193,5230.0,-2.3077264,0.8,10460.0,0.6
523,0.8559754,0.11523056,0.20376898,0.1154809,5240.0,-0.5894681,1.0,10480.0,0.8
524,0.8559675,0.11521783,0.20375729,0.11549663,5250.0,-1.0921113,1.0,10500.0,0.7
525,0.85595536,0.11516825,0.20377575,0.115447044,5260.0,-1.2816699,1.0,10520.0,0.75
526,0.8559408,0.115191124,0.20378861,0.1154577,5270.0,-0.71147406,1.0,10540.0,0.45
527,0.8559551,0.11516484,0.20380223,0.11545229,5280.0,-0.9249735,1.0,10560.0,0.4
528,0.8559287,0.11513225,0.20380028,0.11539409,5290.0,-0.8752322,1.0,10580.0,0.65
529,0.8559584,0.11512945,0.2038008,0.11535538,5300.0,-1.6374886,1.0,10600.0,0.4
530,0.85596514,0.11512015,0.20380054,0.11530208,5310.0,-1.4754299,1.0,10620.0,0.65
531,0.8559964,0.11514017,0.2038306,0.11531676,5320.0,-1.3118582,1.0,10640.0,0.55
532,0.85600257,0.11511054,0.20382345,0.11527167,5330.0,-0.9656747,1.0,10660.0,0.8
533,0.855994,0.11511133,0.20382595,0.115278155,5340.0,-1.5760515,1.0,10680.0,0.8
534,0.85600257,0.11507777,0.20382136,0.115249254,5350.0,-1.2314346,1.0,10700.0,0.6
535,0.8560038,0.11504833,0.20381837,0.11519414,5360.0,-1.4271536,1.0,10720.0,0.7
536,0.8559899,0.11504188,0.20383823,0.115169466,5370.0,-0.84149665,1.0,10740.0,0.7
537,0.8559527,0.11500698,0.20383085,0.11511414,5380.0,-1.301115,1.0,10760.0,0.7
538,0.8559654,0.11499823,0.20383254,0.11508668,5390.0,-1.3490152,1.0,10780.0,0.5
539,0.8559721,0.11498675,0.20384863,0.11505661,5400.0,-1.7471678,1.0,10800.0,0.6
540,0.8560242,0.114982784,0.20385757,0.11501987,5410.0,-1.1654447,1.0,10820.0,0.6
541,0.85603213,0.11498793,0.20386682,0.1149897,5420.0,-1.1701753,1.0,10840.0,0.7
542,0.85603744,0.11495166,0.20386843,0.11494903,5430.0,-1.0296962,1.0,10860.0,0.7
543,0.8560378,0.11493579,0.20387343,0.114971675,5440.0,-1.4280823,1.0,10880.0,0.6
544,0.8560593,0.11491296,0.20386238,0.114936754,5450.0,-1.0547513,1.0,10900.0,0.6
545,0.8560388,0.11487734,0.20385462,0.11488171,5460.0,-1.4673517,1.0,10920.0,0.6
546,0.8560567,0.11485875,0.20386857,0.114841536,5470.0,-5.1511345,0.9,10940.0,0.6
547,0.8560789,0.11484448,0.20386228,0.114805125,5480.0,-1.4704951,0.9,10960.0,0.65
548,0.8560705,0.11481011,0.20386644,0.114770584,5490.0,-0.95561343,1.0,10980.0,0.85
549,0.8560439,0.11479027,0.20385624,0.11475406,5500.0,-1.1516744,1.0,11000.0,0.7
550,0.85605574,0.114772044,0.20386072,0.11470328,5510.0,-1.35973,1.0,11020.0,0.7
551,0.8560815,0.114833094,0.2038852,0.114714526,5520.0,-1.265553,1.0,11040.0,0.65
552,0.8560746,0.11483812,0.20389354,0.114706844,5530.0,-1.0506525,1.0,11060.0,0.55
553,0.85608345,0.11481601,0.20389925,0.11467784,5540.0,-1.1248164,1.0,11080.0,0.65
554,0.85608006,0.11480787,0.20388448,0.11466201,5550.0,-1.2939807,1.0,11100.0,0.6
555,0.85607624,0.11477689,0.20387597,0.11461371,5560.0,-4.493907,0.9,11120.0,0.75
556,0.85610884,0.11476213,0.20387794,0.11457726,5570.0,-1.347195,1.0,11140.0,0.6
557,0.8561163,0.11472523,0.2038652,0.11456276,5580.0,-1.4696856,0.9,11160.0,0.65
558,0.8561449,0.11471952,0.20385885,0.1145264,5590.0,-1.4273965,1.0,11180.0,0.6
559,0.85613203,0.11469721,0.20386334,0.11449605,5600.0,-5.0596356,0.9,11200.0,0.65
560,0.8561289,0.11467757,0.20386136,0.11444699,5610.0,-1.269573,1.0,11220.0,0.55
561,0.8561242,0.11469928,0.20386268,0.11444882,5620.0,-1.2565417,1.0,11240.0,0.6
562,0.8561078,0.11466213,0.20387593,0.11439462,5630.0,-1.2589961,1.0,11260.0,0.8
563,0.8561321,0.11465273,0.20387527,0.11436813,5640.0,-0.98548204,1.0,11280.0,0.55
564,0.8560948,0.1146673,0.20386904,0.11434058,5650.0,-1.3645455,0.9,11300.0,0.45
565,0.8561208,0.11464358,0.20387793,0.11433915,5660.0,-0.87629557,1.0,11320.0,0.75
566,0.85614675,0.114643075,0.20390669,0.11431017,5670.0,-1.7375953,1.0,11340.0,0.65
567,0.85615224,0.11461415,0.20391014,0.114296064,5680.0,-2.3066275,0.9,11360.0,0.65
568,0.8561626,0.11460505,0.20390035,0.114277124,5690.0,-1.2074902,1.0,11380.0,0.6
569,0.85614777,0.11463726,0.20389575,0.11428479,5700.0,-1.1950063,1.0,11400.0,0.6
570,0.8561577,0.114632465,0.20390423,0.114257544,5710.0,-1.4387289,1.0,11420.0,0.6
571,0.8561303,0.11460934,0.20391081,0.114278205,5720.0,-1.2840878,0.9,11440.0,0.55
572,0.85613006,0.114579536,0.2039271,0.1142217,5730.0,-1.3934032,1.0,11460.0,0.7
573,0.8561534,0.11455921,0.20394154,0.11417957,5740.0,-1.5041988,1.0,11480.0,0.6
574,0.85617405,0.1145247,0.20394053,0.114167035,5750.0,-1.3057419,1.0,11500.0,0.6
575,0.85614735,0.114492975,0.20393468,0.11412253,5760.0,-0.99266845,1.0,11520.0,0.7
576,0.856123,0.11445025,0.20393406,0.11406463,5770.0,-1.2099235,1.0,11540.0,0.85
577,0.85613436,0.114426814,0.20393363,0.114046514,5780.0,-1.2704916,1.0,11560.0,0.65
578,0.85614276,0.1144127,0.20392525,0.11403385,5790.0,-2.5084035,0.7,11580.0,0.55
579,0.85613984,0.11444374,0.20393278,0.114043854,5800.0,-0.8413784,1.0,11600.0,0.55
580,0.8561335,0.11441062,0.20394148,0.11400613,5810.0,-1.7967354,0.9,11620.0,0.65
581,0.8561359,0.11440423,0.20394441,0.113960296,5820.0,-1.8986683,1.0,11640.0,0.6
582,0.8561943,0.114423595,0.20397098,0.11391898,5830.0,-2.0099435,0.9,11660.0,0.55
583,0.85623294,0.114415325,0.20398144,0.11387818,5840.0,-1.2450155,1.0,11680.0,0.45
584,0.85623336,0.1144171,0.20397763,0.11385416,5850.0,-1.0904765,1.0,11700.0,0.7
585,0.8562283,0.11439077,0.20398432,0.1138008,5860.0,-1.2387022,1.0,11720.0,0.7
586,0.8562333,0.114358425,0.20397411,0.11376213,5870.0,-1.0449636,1.0,11740.0,0.65
587,0.85624534,0.11436566,0.20397222,0.113775246,5880.0,-1.1523614,1.0,11760.0,0.6
588,0.8562493,0.114379406,0.20396663,0.11374197,5890.0,-1.5016091,1.0,11780.0,0.65
589,0.8562801,0.11440158,0.20396776,0.113715105,5900.0,-1.6707271,1.0,11800.0,0.7
590,0.8562917,0.114364706,0.20396858,0.11367157,5910.0,-1.4717703,1.0,11820.0,0.85
591,0.85629994,0.11439669,0.20397323,0.11364932,5920.0,-0.7654755,1.0,11840.0,0.55
592,0.8562699,0.11441058,0.20398737,0.113675795,5930.0,-1.5794724,1.0,11860.0,0.65
593,0.85629624,0.114396445,0.20399733,0.113661595,5940.0,-1.1187985,1.0,11880.0,0.65
594,0.8562965,0.114387296,0.20399843,0.11362495,5950.0,-1.151448,1.0,11900.0,0.85
595,0.8562673,0.11436293,0.20399614,0.11357833,5960.0,-5.251605,0.9,11920.0,0.65
596,0.85627437,0.11437484,0.20400117,0.11357304,5970.0,-1.0804701,1.0,11940.0,0.75
597,0.85629416,0.11437297,0.20402166,0.113549195,5980.0,-1.8163509,0.9,11960.0,0.7
598,0.8562792,0.11434672,0.20401593,0.113522775,5990.0,-1.179651,1.0,11980.0,0.65
599,0.85629076,0.114335306,0.20401569,0.113492966,6000.0,-1.3813679,1.0,12000.0,0.65
600,0.8562603,0.11429698,0.20400788,0.11346465,6010.0,-1.6583273,1.0,12020.0,0.6
601,0.85627,0.114326656,0.20399502,0.11349396,6020.0,-1.4858124,1.0,12040.0,0.6
602,0.85629916,0.114333026,0.20399289,0.113491535,6030.0,-1.2117628,1.0,12060.0,0.6
603,0.85628086,0.114334464,0.20400181,0.11349013,6040.0,-1.5646083,1.0,12080.0,0.5
604,0.8562958,0.11432523,0.2040064,0.11347905,6050.0,-1.4120324,1.0,12100.0,0.55
605,0.8562687,0.11430347,0.20401092,0.11345917,6060.0,-2.1718156,0.9,12120.0,0.7
606,0.8562842,0.11427321,0.20401484,0.11342833,6070.0,-1.3677886,1.0,12140.0,0.7
607,0.8562436,0.11426884,0.20400912,0.11342228,6080.0,-1.4702932,1.0,12160.0,0.65
608,0.8562476,0.1142324,0.20402262,0.11341923,6090.0,-1.2454052,1.0,12180.0,0.65
609,0.85625607,0.11421758,0.20402102,0.113390006,6100.0,-1.6189476,1.0,12200.0,0.6
610,0.8562719,0.11422325,0.204035,0.113384634,6110.0,-1.087488,1.0,12220.0,0.65
611,0.85623664,0.11418339,0.20403434,0.11335416,6120.0,-0.7499562,1.0,12240.0,0.75
612,0.85621554,0.11416521,0.20402658,0.1133294,6130.0,-1.8711821,0.9,12260.0,0.7
613,0.8562598,0.11415968,0.20402895,0.113291256,6140.0,-1.7666614,1.0,12280.0,0.7
614,0.8562668,0.114116244,0.20403433,0.113232516,6150.0,-1.2206556,0.9,12300.0,0.75
615,0.8562679,0.114085376,0.20403714,0.11320761,6160.0,-1.2512882,1.0,12320.0,0.55
616,0.8563073,0.114073135,0.2040618,0.11319962,6170.0,-1.3831961,0.9,12340.0,0.7
617,0.85632104,0.11405673,0.20408139,0.11316188,6180.0,-1.6769831,1.0,12360.0,0.75
618,0.8563258,0.11407141,0.20408799,0.11316759,6190.0,-1.9891737,0.9,12380.0,0.45
619,0.85632044,0.11405405,0.20409434,0.11314829,6200.0,-2.6725628,0.9,12400.0,0.6
620,0.856309,0.11403755,0.2041047,0.11315162,6210.0,-1.273772,1.0,12420.0,0.5
621,0.85629964,0.114022516,0.20411381,0.113119,6220.0,-1.9326913,0.9,12440.0,0.7
622,0.8562737,0.11402313,0.2041169,0.11310265,6230.0,-1.528124,1.0,12460.0,0.65
623,0.8562863,0.11399725,0.2041148,0.113063514,6240.0,-1.5915339,1.0,12480.0,0.75
624,0.8563215,0.11398604,0.20412771,0.11302042,6250.0,-1.4071311,1.0,12500.0,0.55
625,0.8563502,0.11395261,0.2041326,0.112971805,6260.0,-2.202929,0.9,12520.0,0.55
626,0.85633254,0.11394348,0.20413975,0.112931386,6270.0,-2.205732,0.9,12540.0,0.65
627,0.8563834,0.11393986,0.20415838,0.11288769,6280.0,-1.2599456,1.0,12560.0,0.55
628,0.856394,0.1139076,0.2041749,0.11284948,6290.0,-1.350993,1.0,12580.0,0.6
629,0.8563935,0.11389784,0.20418221,0.112827264,6300.0,-0.89803135,1.0,12600.0,0.6
630,0.8563879,0.11391377,0.20418781,0.11280203,6310.0,-2.229814,1.0,12620.0,0.75
631,0.8563797,0.11387869,0.20418827,0.11275003,6320.0,-1.3961079,1.0,12640.0,0.75
632,0.856379,0.11388275,0.20418067,0.11271842,6330.0,-1.123163,1.0,12660.0,0.65
633,0.85636425,0.113865875,0.2041716,0.11271033,6340.0,-1.306284,1.0,12680.0,0.7
634,0.8563791,0.113848865,0.20416322,0.11267291,6350.0,-1.3783791,1.0,12700.0,0.65
635,0.8563998,0.113803886,0.20416804,0.1126252,6360.0,-1.1315272,1.0,12720.0,0.8
636,0.8564052,0.1137962,0.20415579,0.11261089,6370.0,-0.99728984,1.0,12740.0,0.7
637,0.85641026,0.113800324,0.20415777,0.11256948,6380.0,-1.0481699,0.9,12760.0,0.75
638,0.85645014,0.11381403,0.20416416,0.11254491,6390.0,-1.6161867,1.0,12780.0,0.5
639,0.8564752,0.11378803,0.20416117,0.11253772,6400.0,-1.4859065,0.9,12800.0,0.55
640,0.8564977,0.11378204,0.20417622,0.11251709,6410.0,-6.26678,0.8,12820.0,0.5
641,0.85650164,0.11376474,0.20417291,0.11247569,6420.0,-1.5305706,1.0,12840.0,0.8
642,0.85647863,0.1137288,0.2041762,0.11243233,6430.0,-0.8784456,1.0,12860.0,0.6
643,0.85644835,0.11371843,0.20415266,0.1124021,6440.0,-1.2387464,1.0,12880.0,0.8
644,0.8564558,0.11368135,0.20416231,0.11236241,6450.0,-0.95365983,1.0,12900.0,0.85
645,0.8564927,0.11369592,0.20417893,0.11234705,6460.0,-1.5500215,1.0,12920.0,0.6
646,0.8564735,0.11365557,0.20417832,0.11230091,6470.0,-1.1323166,1.0,12940.0,0.65
647,0.85650927,0.113639474,0.2041772,0.11229328,6480.0,-1.7511146,0.9,12960.0,0.65
648,0.8565145,0.11361748,0.20417397,0.112253465,6490.0,-1.3245537,1.0,12980.0,0.8
649,0.8565045,0.11360683,0.20416723,0.11222666,6500.0,-1.5793211,1.0,13000.0,0.7
650,0.85651296,0.11358432,0.20416784,0.112178355,6510.0,-1.3581523,1.0,13020.0,0.75
651,0.8565278,0.11360246,0.20416623,0.1121367,6520.0,-0.9159192,1.0,13040.0,0.45
652,0.8565438,0.1135861,0.2041771,0.11208937,6530.0,-2.284693,0.9,13060.0,0.55
653,0.85650104,0.11355854,0.20416293,0.11204973,6540.0,-1.0824127,1.0,13080.0,0.75
654,0.8565216,0.11355939,0.20416377,0.11202973,6550.0,-1.3214403,1.0,13100.0,0.6
655,0.85653025,0.113547646,0.20415817,0.111993715,6560.0,-1.3941133,1.0,13120.0,0.75
656,0.8565337,0.11351421,0.20416136,0.111962765,6570.0,-1.0423139,1.0,13140.0,0.8
657,0.8565548,0.113501556,0.20416246,0.111919686,6580.0,-1.3540531,1.0,13160.0,0.65
658,0.85657185,0.113496624,0.20416006,0.11188647,6590.0,-1.5277207,1.0,13180.0,0.65
659,0.8565796,0.11349084,0.20416051,0.11184937,6600.0,-1.0367587,1.0,13200.0,0.65
660,0.85659575,0.11350628,0.20417064,0.111864425,6610.0,-1.8214134,1.0,13220.0,0.65
661,0.8565834,0.11351168,0.2041635,0.11185954,6620.0,-1.1559479,1.0,13240.0,0.4
662,0.85661554,0.11351501,0.20417127,0.11185044,6630.0,-1.5887984,1.0,13260.0,0.7
663,0.85661674,0.11350483,0.20416912,0.11181691,6640.0,-1.6712259,1.0,13280.0,0.6
664,0.85663986,0.11348946,0.20416804,0.1117755,6650.0,-1.1313666,1.0,13300.0,0.75
665,0.8566287,0.11348132,0.2041838,0.111762464,6660.0,-1.1084583,1.0,13320.0,0.65
666,0.8566487,0.113446824,0.20418991,0.111712806,6670.0,-1.2942346,1.0,13340.0,0.7
667,0.85664994,0.11342353,0.20420429,0.11168465,6680.0,-1.2289635,1.0,13360.0,0.75
668,0.85664445,0.11338944,0.20421286,0.11165029,6690.0,-1.1841502,1.0,13380.0,0.75
669,0.8566527,0.113359265,0.20421238,0.11161187,6700.0,-1.435093,1.0,13400.0,0.55
670,0.85666305,0.113340676,0.20422463,0.111596085,6710.0,-1.242099,0.9,13420.0,0.6
671,0.8566611,0.11332937,0.20422363,0.11156475,6720.0,-1.3880116,1.0,13440.0,0.6
672,0.85664725,0.113303244,0.20422624,0.111530066,6730.0,-1.0272973,1.0,13460.0,0.7
673,0.8566668,0.11328856,0.20423166,0.111539386,6740.0,-1.537736,1.0,13480.0,0.8
674,0.85667247,0.11332316,0.20423399,0.111515954,6750.0,-0.870119,1.0,13500.0,0.65
675,0.8566859,0.11331024,0.20424889,0.11151945,6760.0,-1.3312364,1.0,13520.0,0.55
676,0.8566926,0.113297574,0.20426346,0.111535214,6770.0,-1.146571,1.0,13540.0,0.65
677,0.85670596,0.11325707,0.20427474,0.11150906,6780.0,-1.1740161,1.0,13560.0,0.75
678,0.8567013,0.11322681,0.20427874,0.1114629,6790.0,-1.144068,1.0,13580.0,0.8
679,0.8567073,0.11320841,0.20428571,0.111435615,6800.0,-1.4693002,1.0,13600.0,0.65
680,0.8566963,0.113190085,0.2042869,0.11140734,6810.0,-0.95612824,1.0,13620.0,0.8
681,0.8567018,0.1131934,0.20427409,0.11136664,6820.0,-2.0805085,1.0,13640.0,0.9
682,0.85667205,0.11317625,0.20426698,0.11133922,6830.0,-0.9960561,1.0,13660.0,0.65
683,0.85666984,0.11314329,0.20427153,0.111299425,6840.0,-2.6543686,0.9,13680.0,0.6
684,0.8566923,0.11311833,0.20427252,0.11129781,6850.0,-0.75054586,1.0,13700.0,0.5
685,0.85669875,0.113107346,0.20429154,0.11126977,6860.0,-0.96306276,1.0,13720.0,0.7
686,0.85671306,0.11313478,0.20429611,0.11127616,6870.0,-0.93215734,1.0,13740.0,0.55
687,0.8567121,0.11311666,0.20429702,0.11125531,6880.0,-0.9394838,1.0,13760.0,0.55
688,0.85670847,0.11309243,0.20429797,0.11123735,6890.0,-1.9448456,1.0,13780.0,0.55
689,0.85669297,0.11308188,0.20430106,0.11119553,6900.0,-1.0491414,1.0,13800.0,0.8
690,0.85671693,0.11308277,0.20431098,0.11118038,6910.0,-1.5038803,1.0,13820.0,0.55
691,0.85671633,0.11308084,0.20430851,0.11113934,6920.0,-1.2616763,1.0,13840.0,0.7
692,0.85674334,0.11308362,0.20432426,0.11110136,6930.0,-1.2525781,1.0,13860.0,0.45
693,0.8567682,0.11309207,0.20432514,0.11107632,6940.0,-1.3648399,1.0,13880.0,0.65
694,0.8567801,0.1130692,0.20432979,0.11106798,6950.0,-2.0081258,0.9,13900.0,0.65
695,0.85677296,0.11306576,0.20433015,0.111092396,6960.0,-0.82132167,1.0,13920.0,0.6
696,0.8568125,0.113064975,0.20434283,0.11106082,6970.0,-1.3762645,1.0,13940.0,0.5
697,0.856816,0.11305553,0.20434739,0.111050986,6980.0,-1.5155356,1.0,13960.0,0.6
698,0.85682034,0.11306394,0.20434496,0.11103311,6990.0,-1.9933993,1.0,13980.0,0.6
699,0.85679716,0.11305323,0.20433937,0.110991284,7000.0,-1.0701894,1.0,14000.0,0.65
700,0.85679674,0.11303384,0.20433626,0.110966556,7010.0,-1.3359306,1.0,14020.0,0.6
701,0.85678333,0.11301145,0.20433931,0.110949844,7020.0,-0.845106,1.0,14040.0,0.7
702,0.8567621,0.113032185,0.20434135,0.11096488,7030.0,-1.0909986,1.0,14060.0,0.75
703,0.8567567,0.11301451,0.20433493,0.11092164,7040.0,-1.188562,1.0,14080.0,0.8
704,0.8567782,0.11301442,0.20434146,0.11091461,7050.0,-1.464122,1.0,14100.0,0.75
705,0.8567898,0.11299396,0.2043434,0.11088064,7060.0,-1.7786391,1.0,14120.0,0.75
706,0.85679,0.11296165,0.20435213,0.1108554,7070.0,-1.6283047,1.0,14140.0,0.75
707,0.85679775,0.11295148,0.20435928,0.110863045,7080.0,-1.1915065,1.0,14160.0,0.7
708,0.85681254,0.11293286,0.20436779,0.11082271,7090.0,-1.3599992,1.0,14180.0,0.75
709,0.8568074,0.11289782,0.20437375,0.11079488,7100.0,-1.3534489,1.0,14200.0,0.9
710,0.856811,0.11287228,0.20437992,0.11075463,7110.0,-1.0948248,1.0,14220.0,0.6
711,0.8568189,0.112855814,0.20436497,0.1107256,7120.0,-1.0717034,1.0,14240.0,0.7
712,0.8568291,0.11283056,0.20436989,0.11067149,7130.0,-1.1035393,1.0,14260.0,0.75
713,0.8568341,0.11283191,0.20438406,0.11068015,7140.0,-1.2625544,1.0,14280.0,0.7
714,0.8568423,0.11282873,0.20439987,0.11067773,7150.0,-1.3684299,1.0,14300.0,0.5
715,0.85684556,0.11282947,0.20440769,0.11064268,7160.0,-1.6323141,0.9,14320.0,0.45
716,0.85685045,0.11281557,0.20440318,0.11063801,7170.0,-1.7624342,0.9,14340.0,0.55
717,0.85685223,0.1128271,0.20440349,0.11064537,7180.0,-1.2012523,0.9,14360.0,0.75
718,0.856839,0.112797104,0.2044031,0.11060032,7190.0,-1.4827808,1.0,14380.0,0.6
719,0.85685563,0.11276549,0.20440544,0.110580586,7200.0,-0.9049264,1.0,14400.0,0.65
720,0.85685736,0.112746395,0.20441097,0.11054491,7210.0,-1.9579685,1.0,14420.0,0.65
721,0.8568538,0.112739325,0.20439824,0.11051191,7220.0,-1.1983633,1.0,14440.0,0.7
722,0.85684496,0.11271981,0.20440277,0.110484734,7230.0,-1.3193822,1.0,14460.0,0.65
723,0.8568352,0.11272013,0.20441376,0.110508405,7240.0,-1.1226728,1.0,14480.0,0.5
724,0.8568418,0.11270133,0.20440155,0.110487394,7250.0,-0.7285755,1.0,14500.0,0.6
725,0.8568552,0.112709574,0.20440811,0.11046297,7260.0,-0.93773395,1.0,14520.0,0.7
726,0.8568664,0.11270195,0.2044066,0.11043844,7270.0,-1.0784277,1.0,14540.0,0.8
727,0.8568639,0.11270189,0.20440872,0.1104137,7280.0,-1.2763917,1.0,14560.0,0.55
728,0.85686463,0.112719476,0.20443127,0.11042473,7290.0,-0.96727675,1.0,14580.0,0.5
729,0.8568805,0.11269492,0.20442477,0.110411584,7300.0,-1.8470331,0.9,14600.0,0.7
730,0.8568937,0.112697504,0.20443726,0.11042237,7310.0,-1.3760986,1.0,14620.0,0.45
731,0.856906,0.112681635,0.2044546,0.110392526,7320.0,-1.3827156,1.0,14640.0,0.7
732,0.856909,0.11268563,0.20446704,0.11039088,7330.0,-1.5242177,1.0,14660.0,0.45
733,0.8569348,0.11265925,0.20447057,0.110356115,7340.0,-1.596147,0.9,14680.0,0.6
734,0.85692734,0.11263121,0.2044837,0.11034501,7350.0,-1.1051869,0.9,14700.0,0.65
735,0.8569105,0.112594604,0.20447896,0.11029325,7360.0,-1.0340315,1.0,14720.0,0.7
736,0.8569183,0.1125738,0.20448317,0.11028257,7370.0,-1.111634,0.9,14740.0,0.75
737,0.8568987,0.11254958,0.20448866,0.11024022,7380.0,-1.3171808,1.0,14760.0,0.7
738,0.8569041,0.11254144,0.20447943,0.11021267,7390.0,-1.0679653,1.0,14780.0,0.65
739,0.85693,0.11252763,0.20449425,0.11020723,7400.0,-1.5046924,1.0,14800.0,0.75
740,0.8569171,0.1124929,0.2044882,0.11020779,7410.0,-2.506732,0.9,14820.0,0.7
741,0.85694045,0.112486415,0.20450266,0.11021942,7420.0,-1.1170143,1.0,14840.0,0.75
742,0.8569469,0.11247554,0.20450914,0.110181004,7430.0,-0.83566666,1.0,14860.0,0.6
743,0.85694045,0.112511694,0.20451614,0.1102288,7440.0,-0.9158208,1.0,14880.0,0.7
744,0.8569586,0.11252582,0.20452683,0.1102104,7450.0,-1.5728672,1.0,14900.0,0.75
745,0.85698074,0.1125317,0.20454088,0.11018855,7460.0,-1.8604538,0.9,14920.0,0.65
746,0.8570029,0.112520635,0.20454931,0.11014513,7470.0,-0.77192,1.0,14940.0,0.65
747,0.85698825,0.11251316,0.20454739,0.110119276,7480.0,-1.0245202,1.0,14960.0,0.65
748,0.856994,0.11249403,0.20454945,0.110085286,7490.0,-0.6443931,1.0,14980.0,0.55
749,0.85696703,0.112467535,0.204539,0.11005589,7500.0,-0.90561837,1.0,15000.0,0.7
750,0.8569605,0.11247802,0.20456056,0.1100454,7510.0,-1.5380399,1.0,15020.0,0.6
751,0.8569723,0.11246684,0.20456272,0.11004296,7520.0,-2.075911,1.0,15040.0,0.6
752,0.8569846,0.112444274,0.20456313,0.11002478,7530.0,-0.98800594,1.0,15060.0,0.85
753,0.8569975,0.11242489,0.20456171,0.10999118,7540.0,-1.3405051,1.0,15080.0,0.8
754,0.8569829,0.11244499,0.20457375,0.10999692,7550.0,-1.7302845,1.0,15100.0,0.55
755,0.85702085,0.11244608,0.20457569,0.1099657,7560.0,-1.8331983,1.0,15120.0,0.55
756,0.85703737,0.112424396,0.20458713,0.10996073,7570.0,-1.6346813,1.0,15140.0,0.75
757,0.8570687,0.11241903,0.20460416,0.10995483,7580.0,-0.9723055,1.0,15160.0,0.6
758,0.8570871,0.112490356,0.20460695,0.10998473,7590.0,-0.83260316,1.0,15180.0,0.5
759,0.85709953,0.112481706,0.20461659,0.10997027,7600.0,-1.205,1.0,15200.0,0.6
760,0.8571028,0.11247001,0.20462713,0.10994257,7610.0,-1.6842725,1.0,15220.0,0.6
761,0.8571163,0.112448245,0.20463568,0.10990575,7620.0,-0.8222424,1.0,15240.0,0.75
762,0.8571088,0.112454265,0.20464304,0.10991024,7630.0,-1.0433476,1.0,15260.0,0.5
763,0.8571203,0.11245775,0.20463867,0.10990404,7640.0,-1.0922115,1.0,15280.0,0.85
764,0.8571322,0.11243645,0.2046381,0.109868556,7650.0,-1.2877262,0.9,15300.0,0.7
765,0.85713625,0.11242769,0.20463052,0.10985721,7660.0,-1.250187,1.0,15320.0,0.5
766,0.85713035,0.11239803,0.20463037,0.10981864,7670.0,-0.9419025,1.0,15340.0,0.6
767,0.85717374,0.11240695,0.20462388,0.10979791,7680.0,-1.1516844,1.0,15360.0,0.6
768,0.85717136,0.112391226,0.20462036,0.10977456,7690.0,-1.4520266,1.0,15380.0,0.4
769,0.85719603,0.1124055,0.2046354,0.10977337,7700.0,-1.2072643,1.0,15400.0,0.65
770,0.85719067,0.1124117,0.20462604,0.10976325,7710.0,-0.90158415,1.0,15420.0,0.75
771,0.857223,0.11243988,0.20463441,0.10974482,7720.0,-1.204013,1.0,15440.0,0.65
772,0.8572419,0.11249918,0.20464306,0.10975036,7730.0,-0.9226896,1.0,15460.0,0.55
773,0.8572431,0.11248686,0.2046467,0.10974817,7740.0,-1.4450779,1.0,15480.0,0.55
774,0.8572624,0.11247873,0.20465076,0.10971999,7750.0,-2.2632608,1.0,15500.0,0.75
775,0.8572584,0.11245487,0.20465158,0.10971767,7760.0,-0.9381628,1.0,15520.0,0.75
776,0.8572738,0.112457,0.20466109,0.10968575,7770.0,-1.6460397,1.0,15540.0,0.55
777,0.85727286,0.1124543,0.204665,0.10965457,7780.0,-1.6364403,1.0,15560.0,0.75
778,0.8572728,0.112446986,0.20466082,0.10965275,7790.0,-2.5338063,0.7,15580.0,0.65
779,0.85729814,0.11246598,0.20465934,0.10963999,7800.0,-1.0859778,1.0,15600.0,0.6
780,0.85728794,0.11244863,0.2046638,0.10961898,7810.0,-1.146354,1.0,15620.0,0.85
781,0.8573003,0.112473406,0.20466559,0.109608166,7820.0,-1.3289295,1.0,15640.0,0.6
782,0.85731405,0.112449355,0.20467153,0.10959491,7830.0,-0.75273156,1.0,15660.0,0.75
783,0.85732245,0.11241892,0.20468801,0.10956288,7840.0,-1.1000742,0.9,15680.0,0.65
784,0.85728556,0.11238962,0.20469134,0.10954231,7850.0,-1.2894517,1.0,15700.0,0.75
785,0.8572921,0.11237687,0.20468326,0.10952468,7860.0,-1.7294266,1.0,15720.0,0.6
786,0.8573036,0.11236903,0.20469531,0.10951846,7870.0,-1.3805653,1.0,15740.0,0.75
787,0.85733485,0.11236379,0.20470676,0.109491274,7880.0,-1.5492262,1.0,15760.0,0.55
788,0.8573416,0.11235029,0.20470805,0.10947869,7890.0,-1.1559123,0.9,15780.0,0.55
789,0.85733813,0.1123328,0.20470484,0.10944933,7900.0,-0.9309899,1.0,15800.0,0.65
790,0.8573401,0.112313926,0.20470424,0.10942015,7910.0,-1.9741051,1.0,15820.0,0.75
791,0.8573482,0.112311065,0.20470268,0.10940204,7920.0,-1.2748262,1.0,15840.0,0.6
792,0.8573727,0.11231798,0.20471422,0.109375134,7930.0,-0.9271501,1.0,15860.0,0.7
793,0.85737354,0.11234202,0.20471667,0.10937765,7940.0,-2.3465762,0.9,15880.0,0.55
794,0.85736966,0.112351485,0.20470944,0.10935401,7950.0,-1.6982292,1.0,15900.0,0.6
795,0.857367,0.11233216,0.20471054,0.10933977,7960.0,-1.1033299,1.0,15920.0,0.8
796,0.85736936,0.11233259,0.20471431,0.10931836,7970.0,-1.8836524,0.9,15940.0,0.7
797,0.85736775,0.11231086,0.20471153,0.10929638,7980.0,-1.2563357,1.0,15960.0,0.55
798,0.857384,0.11232456,0.20470959,0.10932064,7990.0,-1.8880917,1.0,15980.0,0.65
799,0.8573935,0.112346314,0.20472544,0.109349556,8000.0,-1.8478794,1.0,16000.0,0.65
800,0.85738283,0.112331964,0.20472926,0.109353155,8010.0,-1.2126514,1.0,16020.0,0.65
801,0.85738534,0.11230991,0.20472461,0.109335326,8020.0,-1.8697497,1.0,16040.0,0.75
802,0.85737306,0.112284146,0.20472856,0.109310664,8030.0,-1.1413186,1.0,16060.0,0.75
803,0.8573925,0.11228397,0.20473942,0.10928897,8040.0,-1.2198352,1.0,16080.0,0.65
804,0.8573925,0.112289764,0.2047322,0.10927204,8050.0,-1.5550896,1.0,16100.0,0.65
805,0.85739326,0.11227614,0.20474118,0.109235615,8060.0,-1.1713345,0.9,16120.0,0.65
806,0.85740596,0.11228913,0.2047413,0.10922466,8070.0,-1.2044212,1.0,16140.0,0.65
807,0.85742253,0.112277545,0.20475799,0.10920704,8080.0,-1.5671079,0.9,16160.0,0.65
808,0.8574424,0.112271756,0.20475788,0.10918532,8090.0,-1.7201418,1.0,16180.0,0.65
809,0.85745573,0.11226019,0.20476311,0.109159574,8100.0,-1.5372652,1.0,16200.0,0.65
810,0.85746026,0.11223886,0.20476316,0.109148294,8110.0,-0.89348567,1.0,16220.0,0.5
811,0.8574671,0.112247325,0.20476168,0.10914414,8120.0,-0.9142045,1.0,16240.0,0.7
812,0.85748225,0.11224252,0.2047749,0.10912721,8130.0,-0.97237396,1.0,16260.0,0.5
813,0.85747904,0.112231195,0.2047843,0.109114476,8140.0,-1.2631599,1.0,16280.0,0.8
814,0.85748285,0.11223342,0.2047807,0.10911308,8150.0,-1.7637827,1.0,16300.0,0.75
815,0.85749954,0.11222608,0.20479318,0.10909943,8160.0,-0.9212675,1.0,16320.0,0.5
816,0.8575084,0.11220176,0.20479345,0.10906833,8170.0,-0.8932603,1.0,16340.0,0.4
817,0.8575012,0.11217324,0.20479494,0.109060675,8180.0,-1.3486017,1.0,16360.0,0.8
818,0.857513,0.11215318,0.2048016,0.10903892,8190.0,-1.115332,1.0,16380.0,0.6
819,0.8575259,0.112147175,0.20480284,0.10901607,8200.0,-1.211388,1.0,16400.0,0.65
820,0.8575457,0.11213402,0.20481142,0.10899179,8210.0,-1.0209801,1.0,16420.0,0.75
821,0.8575628,0.11211181,0.20481445,0.10897425,8220.0,-1.3087894,1.0,16440.0,0.6
822,0.8575811,0.112097114,0.20481844,0.10895178,8230.0,-1.1238139,1.0,16460.0,0.7
823,0.8575842,0.112105966,0.20482007,0.108937666,8240.0,-1.006544,1.0,16480.0,0.55
824,0.8575757,0.112071335,0.20481756,0.10893621,8250.0,-1.3751252,1.0,16500.0,0.75
825,0.85758144,0.11206593,0.20482549,0.10895609,8260.0,-2.1300073,1.0,16520.0,0.6
826,0.85757035,0.1120645,0.20482282,0.10892773,8270.0,-0.85743636,1.0,16540.0,0.75
827,0.85757995,0.11205786,0.20482348,0.10893852,8280.0,-0.9268629,1.0,16560.0,0.6
828,0.85759073,0.112059,0.20483114,0.10892489,8290.0,-1.6261839,1.0,16580.0,0.75
829,0.8575776,0.11209077,0.20484118,0.10894145,8300.0,-1.2875017,1.0,16600.0,0.55
830,0.85758847,0.11207367,0.20484911,0.10891059,8310.0,-1.7809511,1.0,16620.0,0.7
831,0.8575987,0.112069905,0.20486349,0.10889445,8320.0,-1.2101731,1.0,16640.0,0.5
832,0.85759395,0.112070374,0.20486456,0.108874254,8330.0,-1.9310474,0.9,16660.0,0.65
833,0.85759586,0.11206907,0.20487079,0.108847015,8340.0,-1.3842309,1.0,16680.0,0.75
834,0.8575945,0.11208704,0.20486559,0.10883368,8350.0,-0.98627126,1.0,16700.0,0.75
835,0.85759807,0.11207048,0.20487574,0.10881181,8360.0,-0.8305273,1.0,16720.0,0.65
836,0.8576029,0.11209122,0.20488714,0.10880006,8370.0,-1.1880997,1.0,16740.0,0.6
837,0.8575955,0.112065665,0.2048769,0.10877633,8380.0,-1.486348,0.9,16760.0,0.7
838,0.8576018,0.112076424,0.20489596,0.10880773,8390.0,-2.3155646,1.0,16780.0,0.65
839,0.8575949,0.112047434,0.20489901,0.108778365,8400.0,-1.5582008,1.0,16800.0,0.75
840,0.85759085,0.11203154,0.20489557,0.1087769,8410.0,-1.6598781,1.0,16820.0,0.65
841,0.85759264,0.11200723,0.20490001,0.10875888,8420.0,-1.8088369,1.0,16840.0,0.7
842,0.85762304,0.112011485,0.20491667,0.10874031,8430.0,-1.24636,1.0,16860.0,0.45
843,0.85762644,0.11202496,0.20491761,0.10873166,8440.0,-1.1668375,1.0,16880.0,0.65
844,0.8576317,0.112068,0.2049264,0.10875662,8450.0,-2.0265641,1.0,16900.0,0.55
845,0.8576533,0.1120856,0.20492595,0.108743556,8460.0,-0.98056114,1.0,16920.0,0.7
846,0.85765123,0.112104975,0.20492004,0.10874669,8470.0,-1.2906882,1.0,16940.0,0.65
847,0.8576681,0.112113774,0.20492695,0.10872535,8480.0,-0.91488206,1.0,16960.0,0.65
848,0.85767055,0.11209596,0.20492788,0.10869369,8490.0,-1.6361277,1.0,16980.0,0.8
849,0.8576576,0.11211755,0.20492195,0.10872445,8500.0,-1.9863892,1.0,17000.0,0.65
850,0.8576631,0.112107046,0.20493162,0.10870101,8510.0,-0.9514931,1.0,17020.0,0.65
851,0.8576619,0.112092696,0.20492285,0.10868498,8520.0,-1.0993218,1.0,17040.0,0.8
852,0.85764575,0.112092234,0.20492345,0.10866798,8530.0,-1.5996425,1.0,17060.0,0.55
853,0.8576436,0.1120663,0.20491357,0.10864387,8540.0,-1.4636302,1.0,17080.0,0.6
854,0.8576565,0.112083144,0.20491068,0.10867814,8550.0,-1.1548054,1.0,17100.0,0.5
855,0.85763717,0.112065464,0.20491275,0.10864195,8560.0,-1.0612893,1.0,17120.0,0.5
856,0.85767436,0.1120835,0.20491792,0.10863007,8570.0,-1.4589303,1.0,17140.0,0.7
857,0.8576744,0.11205539,0.20492119,0.10860233,8580.0,-0.74544924,1.0,17160.0,0.8
858,0.8576754,0.11204505,0.20492083,0.10861493,8590.0,-1.8627726,1.0,17180.0,0.6
859,0.85766894,0.11202174,0.2049214,0.10859217,8600.0,-4.955264,0.9,17200.0,0.75
860,0.85766053,0.11201648,0.20491888,0.10857238,8610.0,-1.2221311,1.0,17220.0,0.55
861,0.85765857,0.11200226,0.20492275,0.10856102,8620.0,-1.227809,1.0,17240.0,0.8
862,0.8576651,0.11198733,0.2049363,0.10857467,8630.0,-1.2606329,1.0,17260.0,0.65
863,0.857667,0.111971825,0.2049358,0.10855652,8640.0,-1.5424844,1.0,17280.0,0.7
864,0.857678,0.11197343,0.20494357,0.108548164,8650.0,-1.2531304,1.0,17300.0,0.6
865,0.85767585,0.11196352,0.20494637,0.10853931,8660.0,-1.0033598,1.0,17320.0,0.65
866,0.8576538,0.11193166,0.20494851,0.108506486,8670.0,-1.1478498,1.0,17340.0,0.8
867,0.8576632,0.11193309,0.20494774,0.10847368,8680.0,-1.3558143,1.0,17360.0,0.65
868,0.85766727,0.11192288,0.20494324,0.108457506,8690.0,-2.2981043,0.9,17380.0,0.65
869,0.85765815,0.11189983,0.20494679,0.10843631,8700.0,-0.9833029,1.0,17400.0,0.8
870,0.85766965,0.11187758,0.20493633,0.10843317,8710.0,-0.89783555,1.0,17420.0,0.6
871,0.8576675,0.11191713,0.20494331,0.108432025,8720.0,-1.7663971,1.0,17440.0,0.45
872,0.8576806,0.11190602,0.2049416,0.10839466,8730.0,-1.1880867,1.0,17460.0,0.4
873,0.85768706,0.11190102,0.20495257,0.10836465,8740.0,-0.96688205,1.0,17480.0,0.4
874,0.85769993,0.1119049,0.20496053,0.10837387,8750.0,-0.90067863,1.0,17500.0,0.7
875,0.8577258,0.11189861,0.20497426,0.10837058,8760.0,-1.0604503,1.0,17520.0,0.7
876,0.8576999,0.11187909,0.20497343,0.1083341,8770.0,-1.1355213,1.0,17540.0,0.7
877,0.85771734,0.11186683,0.20498227,0.10831768,8780.0,-1.4831508,1.0,17560.0,0.7
878,0.85771066,0.11184391,0.20498085,0.1082923,8790.0,-0.93125314,1.0,17580.0,0.6
879,0.85771656,0.11183288,0.20498343,0.10826215,8800.0,-1.4612554,1.0,17600.0,0.55
880,0.85771006,0.11183242,0.20497912,0.10824029,8810.0,-0.80588263,1.0,17620.0,0.65
881,0.8577211,0.11185435,0.2049857,0.10825595,8820.0,-1.5494083,1.0,17640.0,0.45
882,0.857734,0.11184936,0.20498396,0.10825378,8830.0,-1.030902,1.0,17660.0,0.7
883,0.85772824,0.1118457,0.20498638,0.10823277,8840.0,-1.4433362,1.0,17680.0,0.65
884,0.8577359,0.11184436,0.20499977,0.108229294,8850.0,-1.3451757,0.8,17700.0,0.7
885,0.8577707,0.11184839,0.20501107,0.10822518,8860.0,-1.6716207,1.0,17720.0,0.65
886,0.8577947,0.111831404,0.20501612,0.108202025,8870.0,-0.98661613,1.0,17740.0,0.65
887,0.85781544,0.111824036,0.20502174,0.10818454,8880.0,-1.5463207,1.0,17760.0,0.5
888,0.85782593,0.11180282,0.20503096,0.108152874,8890.0,-1.3321887,0.9,17780.0,0.6
889,0.85781735,0.11177951,0.20503461,0.10812748,8900.0,-1.0127035,1.0,17800.0,0.75
890,0.8578377,0.11176374,0.2050412,0.10809957,8910.0,-1.1803405,1.0,17820.0,0.75
891,0.85784394,0.111745395,0.20504439,0.108072825,8920.0,-0.7858163,1.0,17840.0,0.55
892,0.8578618,0.11172406,0.20506416,0.108053006,8930.0,-1.5391755,1.0,17860.0,0.7
893,0.8578344,0.11174258,0.2050575,0.10806741,8940.0,-1.2796627,1.0,17880.0,0.8
894,0.85784537,0.1117417,0.20506482,0.108063936,8950.0,-0.86994046,1.0,17900.0,0.35
895,0.8578603,0.1117238,0.20507221,0.10804514,8960.0,-1.0530274,1.0,17920.0,0.6
896,0.85786986,0.11172239,0.20507784,0.10806733,8970.0,-0.91210717,1.0,17940.0,0.55
897,0.85786635,0.111709915,0.20506431,0.10808485,8980.0,-0.96394855,1.0,17960.0,0.75
898,0.85786813,0.111699484,0.2050696,0.10808533,8990.0,-1.1900004,1.0,17980.0,0.75
899,0.857858,0.111687206,0.2050665,0.10805383,9000.0,-1.2871702,1.0,18000.0,0.65
900,0.857862,0.111689486,0.20507228,0.10807258,9010.0,-1.1516552,1.0,18020.0,0.7
901,0.85787135,0.111677356,0.2050709,0.108042955,9020.0,-1.1558714,1.0,18040.0,0.7
902,0.85785156,0.11165521,0.20506231,0.10801949,9030.0,-1.2097151,1.0,18060.0,0.6
903,0.8578566,0.1116524,0.20506693,0.10801391,9040.0,-1.4791663,1.0,18080.0,0.45
904,0.85786635,0.11164717,0.20506908,0.107993364,9050.0,-1.6429904,1.0,18100.0,0.65
905,0.8578429,0.1116476,0.2050699,0.10798361,9060.0,-0.80485046,1.0,18120.0,0.65
906,0.8578469,0.11167123,0.20508055,0.10798372,9070.0,-1.0810264,1.0,18140.0,0.65
907,0.8578549,0.11164484,0.20508267,0.10795248,9080.0,-1.4223989,1.0,18160.0,0.6
908,0.85784,0.11163113,0.20508005,0.10793498,9090.0,-1.2401435,1.0,18180.0,0.45
909,0.8578492,0.11163727,0.20508288,0.1079259,9100.0,-1.0942636,1.0,18200.0,0.7
910,0.8578584,0.11161109,0.20508927,0.10792221,9110.0,-1.3686597,0.9,18220.0,0.7
911,0.85786843,0.1116165,0.20508242,0.10791236,9120.0,-0.81950855,1.0,18240.0,0.65
912,0.857861,0.111619,0.20508349,0.10789528,9130.0,-1.4614301,1.0,18260.0,0.65
913,0.8578673,0.11162754,0.20508875,0.10790099,9140.0,-0.92993623,1.0,18280.0,0.65
914,0.85785323,0.11160976,0.2050914,0.10787252,9150.0,-1.1366079,1.0,18300.0,0.8
915,0.8578505,0.111584224,0.20509186,0.10785347,9160.0,-0.914237,1.0,18320.0,0.8
916,0.85784656,0.11155663,0.20509005,0.10781976,9170.0,-1.4968266,1.0,18340.0,0.75
917,0.8578692,0.11155345,0.20509848,0.10780208,9180.0,-1.233059,1.0,18360.0,0.6
918,0.85787296,0.11152274,0.20510183,0.10776056,9190.0,-1.2487907,1.0,18380.0,0.7
919,0.8578742,0.111570895,0.2050985,0.10780079,9200.0,-1.4650306,1.0,18400.0,0.4
920,0.85789794,0.11155135,0.20510653,0.10778215,9210.0,-0.9800296,1.0,18420.0,0.55
921,0.8579113,0.11153897,0.20509933,0.10777211,9220.0,-1.4197066,1.0,18440.0,0.75
922,0.8579144,0.11153809,0.20510796,0.107779615,9230.0,-1.0900441,1.0,18460.0,0.7
923,0.85793185,0.11151805,0.20511554,0.10774436,9240.0,-4.4115,0.9,18480.0,0.65
924,0.85792226,0.111510806,0.20511639,0.107730485,9250.0,-0.7846032,1.0,18500.0,0.8
925,0.8579373,0.111505516,0.20513625,0.10772005,9260.0,-0.91712904,1.0,18520.0,0.65
926,0.8579374,0.11150103,0.20513901,0.10768912,9270.0,-0.7967726,1.0,18540.0,0.4
927,0.8579424,0.111480825,0.20513044,0.10766301,9280.0,-1.3540688,1.0,18560.0,0.7
928,0.85792613,0.11147825,0.20513181,0.107652284,9290.0,-0.7580162,1.0,18580.0,0.8
929,0.85792494,0.111471534,0.20514077,0.107665375,9300.0,-3.2237022,0.8,18600.0,0.65
930,0.8579386,0.11145752,0.20514603,0.10764515,9310.0,-1.247453,1.0,18620.0,0.6
931,0.8579397,0.1114546,0.20514068,0.107638694,9320.0,-1.7869021,0.9,18640.0,0.55
932,0.8579536,0.11145417,0.2051412,0.107615806,9330.0,-1.4214227,1.0,18660.0,0.55
933,0.8579507,0.111445524,0.20514402,0.10759537,9340.0,-0.9172829,1.0,18680.0,0.7
934,0.85796374,0.11143007,0.20514496,0.10758549,9350.0,-1.0551511,1.0,18700.0,0.5
935,0.85796714,0.11141917,0.20514908,0.107563704,9360.0,-0.77084374,1.0,18720.0,0.8
936,0.8579734,0.11143017,0.2051527,0.107547894,9370.0,-1.1237347,1.0,18740.0,0.6
937,0.8579862,0.11142961,0.20516449,0.10755116,9380.0,-1.5883019,1.0,18760.0,0.55
938,0.8579877,0.11140815,0.20517348,0.107535675,9390.0,-1.0981901,1.0,18780.0,0.8
939,0.8579524,0.11140301,0.20517093,0.10752354,9400.0,-1.4441917,1.0,18800.0,0.65
940,0.8579443,0.1113938,0.20516805,0.107493855,9410.0,-0.8157315,1.0,18820.0,0.65
941,0.85796434,0.11138242,0.20516375,0.107498646,9420.0,-1.5402453,1.0,18840.0,0.75
942,0.8579363,0.11138859,0.20516703,0.10753779,9430.0,-1.7009327,1.0,18860.0,0.55
943,0.85792834,0.11137989,0.20516656,0.10753728,9440.0,-4.8557234,0.9,18880.0,0.55
944,0.8579388,0.11138303,0.20517077,0.10752596,9450.0,-1.2853768,1.0,18900.0,0.55
945,0.8579286,0.111385964,0.20517376,0.10752119,9460.0,-1.3753401,1.0,18920.0,0.55
946,0.85793465,0.11136947,0.20518106,0.1074969,9470.0,-1.0583502,1.0,18940.0,0.65
947,0.8579554,0.11137172,0.2051882,0.10748945,9480.0,-1.7633702,1.0,18960.0,0.5
948,0.85796666,0.1113429,0.20518656,0.10746812,9490.0,-1.3265162,1.0,18980.0,0.65
949,0.8579827,0.1113567,0.20520228,0.1074737,9500.0,-1.357261,0.9,19000.0,0.55
950,0.85797185,0.11134416,0.20520811,0.10745984,9510.0,-1.7190447,0.9,19020.0,0.5
951,0.8579871,0.111373246,0.20521055,0.107459575,9520.0,-0.87406987,1.0,19040.0,0.65
952,0.8579766,0.11136346,0.20520617,0.10743635,9530.0,-1.3057425,1.0,19060.0,0.8
953,0.85797197,0.11136112,0.20521407,0.10742836,9540.0,-1.3727703,1.0,19080.0,0.6
954,0.8579719,0.11133859,0.20521612,0.10742403,9550.0,-1.2211864,1.0,19100.0,0.7
955,0.85796577,0.11133995,0.20521611,0.10741854,9560.0,-1.0103581,1.0,19120.0,0.6
956,0.8579654,0.11135089,0.20520565,0.10741624,9570.0,-1.2768002,1.0,19140.0,0.55
957,0.85797,0.11138465,0.20521177,0.10741053,9580.0,-2.4368443,0.9,19160.0,0.65
958,0.8579653,0.111364566,0.20520775,0.107391365,9590.0,-0.80178034,1.0,19180.0,0.65
959,0.85796285,0.11134866,0.20520717,0.10737168,9600.0,-1.1887559,1.0,19200.0,0.65
960,0.8579586,0.11132599,0.20520939,0.10734068,9610.0,-0.9094302,1.0,19220.0,0.8
961,0.8579505,0.11130754,0.2052117,0.10732054,9620.0,-1.5985237,1.0,19240.0,0.8
962,0.85795027,0.111289226,0.20520552,0.10735109,9630.0,-3.356498,0.9,19260.0,0.65
963,0.8579602,0.1112762,0.20520924,0.10734188,9640.0,-1.2784615,1.0,19280.0,0.55
964,0.85795647,0.11126193,0.20521887,0.10735962,9650.0,-1.394841,1.0,19300.0,0.65
965,0.8579731,0.11124899,0.20522226,0.107333995,9660.0,-1.7284739,1.0,19320.0,0.55
966,0.8579748,0.111244775,0.20522131,0.10733201,9670.0,-1.1071612,1.0,19340.0,0.45
967,0.8579623,0.11122813,0.20522097,0.107342966,9680.0,-1.1306337,1.0,19360.0,0.75
968,0.85795593,0.11124752,0.20522481,0.10734804,9690.0,-1.3432926,1.0,19380.0,0.7
969,0.8579615,0.11124272,0.20522691,0.107342675,9700.0,-1.1893702,1.0,19400.0,0.55
970,0.8579733,0.11123719,0.20523062,0.107335806,9710.0,-1.2710354,1.0,19420.0,0.6
971,0.857965,0.11124143,0.2052312,0.10734167,9720.0,-0.87068444,1.0,19440.0,0.7
972,0.8579866,0.11123413,0.20523266,0.1073336,9730.0,-1.04275,1.0,19460.0,0.65
973,0.85798097,0.11122414,0.20524561,0.10733859,9740.0,-1.4380037,1.0,19480.0,0.7
974,0.8580014,0.11125896,0.20525667,0.107336186,9750.0,-4.6851892,0.9,19500.0,0.55
975,0.85802174,0.11126282,0.20525768,0.10733607,9760.0,-1.4579122,1.0,19520.0,0.5
976,0.85802084,0.11124047,0.20525381,0.107316054,9770.0,-1.4573307,1.0,19540.0,0.6
977,0.858007,0.111218214,0.20525359,0.10728489,9780.0,-0.91768205,1.0,19560.0,0.8
978,0.8579951,0.11120174,0.2052551,0.10729037,9790.0,-1.2971723,1.0,19580.0,0.75
979,0.85800123,0.11119723,0.20526102,0.107268445,9800.0,-1.1712635,1.0,19600.0,0.65
980,0.8580038,0.11117745,0.20526633,0.10724124,9810.0,-1.2150688,1.0,19620.0,0.75
981,0.85800314,0.11115718,0.2052652,0.10723072,9820.0,-1.2766278,1.0,19640.0,0.75
982,0.85800415,0.11115328,0.20526709,0.10722357,9830.0,-1.0455174,1.0,19660.0,0.6
983,0.858005,0.11114339,0.20526387,0.10721902,9840.0,-1.1752146,1.0,19680.0,0.75
984,0.85798866,0.11112356,0.20525946,0.10718961,9850.0,-0.717782,1.0,19700.0,0.8
985,0.858017,0.11111953,0.20526512,0.10717188,9860.0,-1.3598608,1.0,19720.0,0.55
986,0.8579915,0.11109581,0.20526545,0.107145846,9870.0,-1.4780278,1.0,19740.0,0.75
987,0.85799694,0.111083604,0.20526606,0.10713557,9880.0,-1.0050104,1.0,19760.0,0.7
988,0.8579928,0.111067705,0.20526943,0.10711442,9890.0,-1.1783651,1.0,19780.0,0.7
989,0.85800195,0.11105772,0.20526959,0.107093126,9900.0,-0.71886504,1.0,19800.0,0.55
990,0.8580065,0.11105352,0.20527858,0.107077934,9910.0,-1.3203605,1.0,19820.0,0.75
991,0.85799533,0.11105225,0.20527376,0.10706845,9920.0,-1.5729954,1.0,19840.0,0.65
992,0.8580212,0.11104835,0.20527962,0.107080296,9930.0,-0.8734291,1.0,19860.0,0.5
993,0.8580348,0.111050844,0.2052908,0.10708605,9940.0,-1.4014195,1.0,19880.0,0.7
994,0.85805684,0.11105591,0.20528786,0.10707657,9950.0,-0.9678583,1.0,19900.0,0.5
995,0.8580442,0.11104963,0.2052846,0.10707693,9960.0,-0.8671543,1.0,19920.0,0.6
996,0.858051,0.111043565,0.20528576,0.10705017,9970.0,-0.85362434,1.0,19940.0,0.6
997,0.85805815,0.11103638,0.2052893,0.10706125,9980.0,-1.4956746,1.0,19960.0,0.7
998,0.85806584,0.1110275,0.20528829,0.10704987,9990.0,-1.2763656,1.0,19980.0,0.55
999,0.85806257,0.1110123,0.20528473,0.10702767,10000.0,-1.6509333,1.0,20000.0,0.75
